名次,職業,角色名稱,討伐完成時間,記錄更新時間,結算日期,週次
1位,召喚師,?小肥蜂,00:05.90,2019.10.23 15:28:02,2019.10.24,第二週
1位,弓箭手,未羽?,00:07.70,2019.10.24 01:29:41,2019.10.24,第二週
1位,劍士,恍惚?,00:08.20,2019.10.23 20:32:47,2019.10.24,第二週
1位,氣功士,?滴滴,00:08.20,2019.10.24 01:33:49,2019.10.24,第二週
1位,鬥士,豆子?,00:10.30,2019.10.23 23:47:18,2019.10.24,第二週
1位,燐劍士,翻滾喵,00:10.40,2019.10.23 13:44:25,2019.10.24,第二週
1位,拳士,錫蘭,00:11.60,2019.10.23 18:50:47,2019.10.24,第二週
1位,咒術師,?驀回首,00:12.0,2019.10.23 15:59:35,2019.10.24,第二週
1位,槍擊士,英靈?,00:14.60,2019.10.23 13:51:07,2019.10.24,第二週
1位,力士,?小肥黑,00:19.0,2019.10.23 20:43:45,2019.10.24,第二週
1位,刺客,緋紅之影,00:24.40,2019.10.24 01:22:22,2019.10.24,第二週
1位,乾坤士,?莓果戀,00:27.30,2019.10.23 13:59:30,2019.10.24,第二週
2位,弓箭手,漓晞,00:08.60,2019.10.23 18:37:09,2019.10.24,第二週
2位,劍士,BestJnK,00:09.90,2019.10.23 18:38:41,2019.10.24,第二週
2位,鬥士,洛碧虛,00:11.0,2019.10.23 18:32:35,2019.10.24,第二週
2位,氣功士,Bauhinia,00:11.40,2019.10.23 16:50:04,2019.10.24,第二週
2位,拳士,蛤仔精,00:12.60,2019.10.23 13:37:42,2019.10.24,第二週
2位,咒術師,低調?睡?,00:15.30,2019.10.23 18:15:37,2019.10.24,第二週
2位,召喚師,幸福伴身旁,00:15.80,2019.10.23 18:36:09,2019.10.24,第二週
2位,燐劍士,?蓋歐卡,00:16.70,2019.10.23 20:58:17,2019.10.24,第二週
2位,槍擊士,Chu?玉米棒,00:19.40,2019.10.23 12:28:59,2019.10.24,第二週
2位,力士,妃?,00:21.80,2019.10.23 14:17:06,2019.10.24,第二週
2位,刺客,兔寶?,00:29.40,2019.10.23 15:38:35,2019.10.24,第二週
2位,乾坤士,多納太羅?啾,00:35.0,2019.10.23 22:03:21,2019.10.24,第二週
3位,劍士,月孤痕,00:10.90,2019.10.24 01:01:06,2019.10.24,第二週
3位,鬥士,冰舞魅心?,00:12.10,2019.10.23 19:27:54,2019.10.24,第二週
3位,拳士,?那個澄,00:12.70,2019.10.23 15:59:21,2019.10.24,第二週
3位,氣功士,昊晟,00:14.80,2019.10.23 13:25:32,2019.10.24,第二週
3位,咒術師,名雪喵喵,00:16.20,2019.10.23 15:02:49,2019.10.24,第二週
3位,召喚師,魂牽夢縈?,00:17.80,2019.10.23 19:08:58,2019.10.24,第二週
3位,槍擊士,?小肥袋,00:20.20,2019.10.23 15:33:43,2019.10.24,第二週
3位,弓箭手,叔叔的小三,00:21.0,2019.10.24 00:26:09,2019.10.24,第二週
3位,燐劍士,88在草原上轉圈圈,00:22.90,2019.10.23 11:12:43,2019.10.24,第二週
3位,力士,八月中秋山林涼,00:25.40,2019.10.23 11:19:18,2019.10.24,第二週
3位,刺客,?變隱龍,00:32.40,2019.10.23 23:58:56,2019.10.24,第二週
3位,乾坤士,克克星,00:40.90,2019.10.23 13:55:43,2019.10.24,第二週
4位,劍士,夕晴,00:11.50,2019.10.23 21:00:51,2019.10.24,第二週
4位,鬥士,鋼劍解師傅,00:12.20,2019.10.23 21:32:54,2019.10.24,第二週
4位,拳士,義誠,00:12.80,2019.10.24 03:31:31,2019.10.24,第二週
4位,氣功士,銀鍠朱武?,00:15.50,2019.10.23 12:21:24,2019.10.24,第二週
4位,咒術師,ZUOAN?奶茶,00:16.40,2019.10.23 23:33:20,2019.10.24,第二週
4位,槍擊士,?小肥?,00:21.20,2019.10.24 01:53:22,2019.10.24,第二週
4位,召喚師,庫洛司,00:23.80,2019.10.23 16:03:29,2019.10.24,第二週
4位,弓箭手,?拉媞琺,00:26.0,2019.10.23 18:30:22,2019.10.24,第二週
4位,燐劍士,喬寶?,00:28.50,2019.10.23 23:36:15,2019.10.24,第二週
4位,力士,孤?,00:31.70,2019.10.23 20:50:51,2019.10.24,第二週
4位,刺客,狄世,00:36.40,2019.10.24 01:18:33,2019.10.24,第二週
4位,乾坤士,蕭墨染,00:45.30,2019.10.23 17:31:38,2019.10.24,第二週
5位,劍士,Sazabi,00:11.70,2019.10.23 22:47:42,2019.10.24,第二週
5位,拳士,班尼菈,00:12.90,2019.10.23 23:06:17,2019.10.24,第二週
5位,鬥士,?波克比,00:13.70,2019.10.23 20:20:34,2019.10.24,第二週
5位,氣功士,空拍,00:17.60,2019.10.24 01:02:29,2019.10.24,第二週
5位,槍擊士,Woof?,00:21.80,2019.10.23 23:08:39,2019.10.24,第二週
5位,咒術師,菈菈唲,00:22.60,2019.10.23 20:25:15,2019.10.24,第二週
5位,召喚師,神龍?,00:24.0,2019.10.23 21:24:41,2019.10.24,第二週
5位,弓箭手,哈庫菈瑪躂躂,00:28.20,2019.10.24 03:12:31,2019.10.24,第二週
5位,力士,藏鱷,00:31.80,2019.10.23 18:23:19,2019.10.24,第二週
5位,燐劍士,?幻熾,00:33.80,2019.10.23 21:37:11,2019.10.24,第二週
5位,刺客,JusticeMem,00:42.50,2019.10.23 21:12:11,2019.10.24,第二週
5位,乾坤士,青蘋芙姬,00:45.60,2019.10.23 23:50:18,2019.10.24,第二週
6位,劍士,緋穆晨芯?,00:13.10,2019.10.23 23:39:10,2019.10.24,第二週
6位,拳士,Yeon誠,00:14.20,2019.10.23 20:18:12,2019.10.24,第二週
6位,鬥士,青壇Xcandy,00:16.10,2019.10.23 20:57:21,2019.10.24,第二週
6位,氣功士,HanShuang,00:19.70,2019.10.24 03:59:38,2019.10.24,第二週
6位,咒術師,咚踏取蜜,00:22.90,2019.10.23 23:30:53,2019.10.24,第二週
6位,槍擊士,?青羽梟,00:23.60,2019.10.24 00:49:06,2019.10.24,第二週
6位,召喚師,?艾比醬,00:26.50,2019.10.23 15:20:58,2019.10.24,第二週
6位,弓箭手,東京靄靄斜陽云,00:30.50,2019.10.24 00:29:56,2019.10.24,第二週
6位,力士,黑雪幸,00:32.70,2019.10.24 01:28:03,2019.10.24,第二週
6位,燐劍士,易利信,00:35.30,2019.10.23 21:12:00,2019.10.24,第二週
6位,刺客,新手惹人愛,00:42.50,2019.10.24 05:19:09,2019.10.24,第二週
6位,乾坤士,凌紅兒,00:46.20,2019.10.23 22:37:59,2019.10.24,第二週
7位,劍士,葛清霏,00:13.60,2019.10.24 00:23:21,2019.10.24,第二週
7位,拳士,金木涼,00:15.10,2019.10.23 23:45:49,2019.10.24,第二週
7位,鬥士,別讓羊叔叔輸出,00:18.30,2019.10.23 21:21:06,2019.10.24,第二週
7位,咒術師,?妍,00:23.60,2019.10.23 15:56:20,2019.10.24,第二週
7位,召喚師,紗兒的小豬豬,00:29.0,2019.10.24 02:10:04,2019.10.24,第二週
7位,槍擊士,古洛,00:31.30,2019.10.23 13:50:36,2019.10.24,第二週
7位,氣功士,?小肥鏡,00:31.60,2019.10.23 21:19:16,2019.10.24,第二週
7位,力士,出手不留情,00:34.30,2019.10.23 23:32:41,2019.10.24,第二週
7位,弓箭手,神?,00:35.20,2019.10.24 03:33:16,2019.10.24,第二週
7位,燐劍士,煙雨沐歌,00:36.10,2019.10.24 03:36:31,2019.10.24,第二週
7位,刺客,宇佐見蓮子,00:49.20,2019.10.24 01:55:34,2019.10.24,第二週
7位,乾坤士,多麗米亞,00:55.80,2019.10.23 14:45:16,2019.10.24,第二週
8位,劍士,0660,00:15.0,2019.10.23 20:04:13,2019.10.24,第二週
8位,拳士,川榷,00:16.70,2019.10.23 13:26:23,2019.10.24,第二週
8位,鬥士,小胖次?,00:19.90,2019.10.23 21:26:56,2019.10.24,第二週
8位,咒術師,HLHope,00:24.10,2019.10.23 14:32:13,2019.10.24,第二週
8位,槍擊士,浮雲?,00:34.0,2019.10.24 03:47:05,2019.10.24,第二週
8位,力士,語芯妍,00:35.30,2019.10.24 02:09:35,2019.10.24,第二週
8位,召喚師,城堡,00:36.0,2019.10.23 19:01:43,2019.10.24,第二週
8位,弓箭手,芷湘弦?,00:36.90,2019.10.23 17:03:05,2019.10.24,第二週
8位,燐劍士,遊星躑躅,00:37.20,2019.10.23 20:22:39,2019.10.24,第二週
8位,氣功士,祅賊賊,00:41.0,2019.10.23 21:58:45,2019.10.24,第二週
8位,刺客,戕納,00:50.50,2019.10.23 13:21:51,2019.10.24,第二週
8位,乾坤士,即白,00:56.90,2019.10.23 20:54:11,2019.10.24,第二週
9位,劍士,鬼綾霄,00:16.0,2019.10.23 16:29:27,2019.10.24,第二週
9位,拳士,擋我一百招,00:17.90,2019.10.24 03:49:05,2019.10.24,第二週
9位,鬥士,?洛,00:20.90,2019.10.23 23:01:07,2019.10.24,第二週
9位,咒術師,夢醒淑芬?,00:27.60,2019.10.24 02:38:16,2019.10.24,第二週
9位,力士,胖胖空,00:35.40,2019.10.23 20:37:34,2019.10.24,第二週
9位,槍擊士,芸之?,00:36.0,2019.10.23 14:16:10,2019.10.24,第二週
9位,召喚師,冰羽毛,00:36.80,2019.10.24 00:29:26,2019.10.24,第二週
9位,燐劍士,巴瑞歐?,00:37.60,2019.10.23 12:36:23,2019.10.24,第二週
9位,氣功士,芷芸?,00:42.20,2019.10.23 17:15:13,2019.10.24,第二週
9位,弓箭手,茉娜德,00:45.90,2019.10.23 22:39:48,2019.10.24,第二週
9位,刺客,智影?,00:52.50,2019.10.23 18:45:58,2019.10.24,第二週
9位,乾坤士,喵喵蟲咖波,00:59.80,2019.10.23 22:06:56,2019.10.24,第二週
10位,劍士,淘兒,00:16.10,2019.10.23 18:40:33,2019.10.24,第二週
10位,拳士,Ruler?,00:20.50,2019.10.24 00:52:18,2019.10.24,第二週
10位,鬥士,孀笙,00:21.80,2019.10.23 22:07:49,2019.10.24,第二週
10位,咒術師,宓宣,00:28.90,2019.10.23 16:42:13,2019.10.24,第二週
10位,力士,莫知名,00:35.90,2019.10.23 20:14:31,2019.10.24,第二週
10位,槍擊士,雨天?,00:36.40,2019.10.24 02:09:12,2019.10.24,第二週
10位,召喚師,赤瞳?,00:37.30,2019.10.24 01:45:33,2019.10.24,第二週
10位,燐劍士,搖滾可可,00:38.0,2019.10.24 02:05:30,2019.10.24,第二週
10位,氣功士,Crazy南,00:44.0,2019.10.23 17:38:48,2019.10.24,第二週
10位,弓箭手,湧嵐,00:51.60,2019.10.24 01:17:02,2019.10.24,第二週
10位,刺客,淨鳴,00:59.10,2019.10.23 20:45:16,2019.10.24,第二週
10位,乾坤士,鉯禹,01:00.20,2019.10.24 01:25:55,2019.10.24,第二週
11位,劍士,你了解我的明白嗎,00:16.50,2019.10.23 21:27:47,2019.10.24,第二週
11位,拳士,拼命四狼,00:22.90,2019.10.24 01:40:10,2019.10.24,第二週
11位,鬥士,亞瑟?潘德拉貢,00:24.80,2019.10.24 02:52:26,2019.10.24,第二週
11位,咒術師,Jesus?,00:28.90,2019.10.24 00:51:13,2019.10.24,第二週
11位,槍擊士,槍?玫瑰?沁悸,00:38.40,2019.10.24 03:18:33,2019.10.24,第二週
11位,召喚師,點心?,00:38.50,2019.10.23 23:47:07,2019.10.24,第二週
11位,燐劍士,零度?,00:39.60,2019.10.24 01:21:17,2019.10.24,第二週
11位,力士,臻楓,00:44.0,2019.10.24 02:16:32,2019.10.24,第二週
11位,氣功士,?花舞鳥,00:44.40,2019.10.24 01:32:50,2019.10.24,第二週
11位,弓箭手,莉花緒凜,00:53.60,2019.10.23 20:54:15,2019.10.24,第二週
11位,刺客,Aeyko,00:59.70,2019.10.24 00:47:32,2019.10.24,第二週
11位,乾坤士,再平凡?月依舊限量版,01:01.10,2019.10.23 21:45:59,2019.10.24,第二週
12位,劍士,?村長,00:17.10,2019.10.23 19:41:19,2019.10.24,第二週
12位,拳士,聖奇諾,00:24.80,2019.10.23 23:19:25,2019.10.24,第二週
12位,鬥士,NiTaMaB,00:24.90,2019.10.23 23:42:35,2019.10.24,第二週
12位,咒術師,蘋兒?,00:32.40,2019.10.24 02:11:05,2019.10.24,第二週
12位,槍擊士,三發裝子彈,00:38.70,2019.10.23 23:23:52,2019.10.24,第二週
12位,召喚師,西西里亞,00:39.10,2019.10.23 22:29:30,2019.10.24,第二週
12位,燐劍士,柒撚懵懵,00:39.70,2019.10.23 23:44:36,2019.10.24,第二週
12位,力士,灰??,00:44.10,2019.10.23 20:34:44,2019.10.24,第二週
12位,氣功士,冷豔雪,00:44.80,2019.10.23 18:03:24,2019.10.24,第二週
12位,弓箭手,玥夜楓晴,00:54.70,2019.10.23 23:37:44,2019.10.24,第二週
12位,刺客,妲己?狐,00:59.80,2019.10.23 18:54:01,2019.10.24,第二週
12位,乾坤士,啻夜,01:02.10,2019.10.24 00:52:53,2019.10.24,第二週
13位,劍士,艾蕾歐諾拉維爾塔利亞,00:17.50,2019.10.23 18:52:59,2019.10.24,第二週
13位,拳士,欣月,00:25.70,2019.10.23 19:26:37,2019.10.24,第二週
13位,鬥士,一姝兒,00:27.20,2019.10.24 02:18:25,2019.10.24,第二週
13位,咒術師,小心我丟你,00:32.50,2019.10.23 14:40:40,2019.10.24,第二週
13位,召喚師,冰欣玥,00:39.10,2019.10.24 01:02:37,2019.10.24,第二週
13位,燐劍士,?秋白,00:40.90,2019.10.23 20:23:05,2019.10.24,第二週
13位,槍擊士,?琰傾絮,00:42.30,2019.10.23 16:34:19,2019.10.24,第二週
13位,氣功士,神?優?,00:45.60,2019.10.23 19:44:28,2019.10.24,第二週
13位,力士,米開朗基羅?蒼,00:47.30,2019.10.24 01:34:03,2019.10.24,第二週
13位,弓箭手,梨花?,00:55.10,2019.10.23 21:11:42,2019.10.24,第二週
13位,刺客,椎名雪,01:00.50,2019.10.23 18:57:13,2019.10.24,第二週
13位,乾坤士,丰芸兒,01:02.50,2019.10.23 18:45:50,2019.10.24,第二週
14位,劍士,狪狪,00:18.20,2019.10.23 11:07:48,2019.10.24,第二週
14位,鬥士,檸小若,00:28.20,2019.10.23 12:43:26,2019.10.24,第二週
14位,拳士,月光琵琶曲,00:31.0,2019.10.23 16:26:27,2019.10.24,第二週
14位,咒術師,?妮妮,00:35.20,2019.10.24 03:05:12,2019.10.24,第二週
14位,召喚師,財財儿,00:39.90,2019.10.23 13:13:33,2019.10.24,第二週
14位,燐劍士,小狂妄?,00:40.90,2019.10.24 02:45:27,2019.10.24,第二週
14位,槍擊士,伊澤那,00:43.10,2019.10.23 11:18:21,2019.10.24,第二週
14位,氣功士,天璇?,00:45.80,2019.10.23 20:09:09,2019.10.24,第二週
14位,力士,黑糖可頌o巴勒,00:48.0,2019.10.23 11:23:37,2019.10.24,第二週
14位,弓箭手,寂靜子?,00:56.50,2019.10.23 20:16:55,2019.10.24,第二週
14位,刺客,kapana,01:00.80,2019.10.23 20:55:06,2019.10.24,第二週
14位,乾坤士,沫鈴雨,01:05.30,2019.10.23 21:30:20,2019.10.24,第二週
15位,劍士,?貓貓,00:19.30,2019.10.23 19:31:57,2019.10.24,第二週
15位,鬥士,楊宵,00:28.90,2019.10.23 11:59:37,2019.10.24,第二週
15位,拳士,?尼尼,00:31.60,2019.10.23 21:16:51,2019.10.24,第二週
15位,咒術師,海膽泡麵,00:37.20,2019.10.23 12:44:39,2019.10.24,第二週
15位,召喚師,Shuboo,00:40.40,2019.10.24 02:21:50,2019.10.24,第二週
15位,燐劍士,青陌?,00:41.10,2019.10.24 01:46:02,2019.10.24,第二週
15位,槍擊士,蒼瑩,00:43.30,2019.10.23 18:55:11,2019.10.24,第二週
15位,氣功士,Shary?,00:47.90,2019.10.23 23:40:03,2019.10.24,第二週
15位,力士,紫楓凜,00:48.50,2019.10.23 11:22:08,2019.10.24,第二週
15位,弓箭手,嫣雨晴,00:57.40,2019.10.23 18:51:36,2019.10.24,第二週
15位,刺客,不夠,01:01.30,2019.10.24 01:12:19,2019.10.24,第二週
15位,乾坤士,風秤觴,01:11.50,2019.10.24 00:35:16,2019.10.24,第二週
16位,劍士,月隱?,00:21.10,2019.10.24 01:19:55,2019.10.24,第二週
16位,鬥士,醬醬爆,00:31.50,2019.10.23 20:56:14,2019.10.24,第二週
16位,拳士,諾羽,00:33.80,2019.10.23 21:30:59,2019.10.24,第二週
16位,咒術師,冰?湛藍,00:37.80,2019.10.23 23:04:19,2019.10.24,第二週
16位,召喚師,蘿水三千只取一瓢飲,00:41.20,2019.10.24 01:14:34,2019.10.24,第二週
16位,燐劍士,孤蘇埕外含三次,00:42.0,2019.10.23 19:27:28,2019.10.24,第二週
16位,氣功士,幽明靜心,00:48.50,2019.10.24 01:24:48,2019.10.24,第二週
16位,力士,非洲肯尼亞的負二代,00:49.70,2019.10.23 19:15:33,2019.10.24,第二週
16位,槍擊士,凌羽兒,00:49.70,2019.10.24 04:48:11,2019.10.24,第二週
16位,弓箭手,千??,01:00.60,2019.10.23 19:57:28,2019.10.24,第二週
16位,刺客,柳生影羽,01:02.20,2019.10.23 23:11:05,2019.10.24,第二週
16位,乾坤士,李依,01:20.0,2019.10.23 19:25:33,2019.10.24,第二週
17位,劍士,葉楓天,00:21.80,2019.10.23 22:43:57,2019.10.24,第二週
17位,鬥士,小八o姈,00:34.0,2019.10.23 19:32:43,2019.10.24,第二週
17位,拳士,吾生愿牽?,00:34.10,2019.10.24 02:03:30,2019.10.24,第二週
17位,咒術師,脆皮巧克力,00:38.0,2019.10.23 12:11:42,2019.10.24,第二週
17位,召喚師,Bubbles?泡泡,00:41.50,2019.10.23 23:49:49,2019.10.24,第二週
17位,燐劍士,來砍我?,00:42.60,2019.10.23 12:38:32,2019.10.24,第二週
17位,氣功士,丹妮莉絲卡麗熙,00:49.0,2019.10.24 00:42:44,2019.10.24,第二週
17位,力士,染?香?,00:50.10,2019.10.23 19:35:43,2019.10.24,第二週
17位,槍擊士,茶?,00:50.50,2019.10.23 19:35:40,2019.10.24,第二週
17位,弓箭手,阿爾特彌斯,01:02.10,2019.10.23 19:08:12,2019.10.24,第二週
17位,刺客,櫻雪魅影,01:05.80,2019.10.23 17:00:45,2019.10.24,第二週
17位,乾坤士,楓御千代,01:20.30,2019.10.23 23:27:09,2019.10.24,第二週
18位,劍士,劍刺無雙,00:21.90,2019.10.23 12:15:28,2019.10.24,第二週
18位,拳士,尹莿俐?,00:36.60,2019.10.23 19:22:11,2019.10.24,第二週
18位,鬥士,惡魔奶娃,00:36.90,2019.10.23 14:36:56,2019.10.24,第二週
18位,咒術師,無盡闇夜,00:38.0,2019.10.23 19:27:12,2019.10.24,第二週
18位,召喚師,Sinuatum?,00:41.60,2019.10.23 21:30:08,2019.10.24,第二週
18位,燐劍士,異性只為繁衍後代?,00:43.10,2019.10.23 16:47:29,2019.10.24,第二週
18位,氣功士,韓墨,00:50.30,2019.10.24 00:59:44,2019.10.24,第二週
18位,槍擊士,啾蹦蹦,00:53.0,2019.10.24 00:14:59,2019.10.24,第二週
18位,力士,老甕OuO,00:53.50,2019.10.23 18:12:02,2019.10.24,第二週
18位,弓箭手,Q蔥花Q,01:02.20,2019.10.23 21:03:03,2019.10.24,第二週
18位,刺客,夜悠,01:09.50,2019.10.24 03:21:17,2019.10.24,第二週
18位,乾坤士,沐雲汐,01:21.50,2019.10.23 20:51:29,2019.10.24,第二週
19位,劍士,紫戀妮霓,00:22.10,2019.10.23 21:04:22,2019.10.24,第二週
19位,拳士,笨狗?,00:36.90,2019.10.23 23:18:50,2019.10.24,第二週
19位,鬥士,一品入神,00:37.0,2019.10.23 18:54:17,2019.10.24,第二週
19位,咒術師,娜伍思嘉,00:38.80,2019.10.23 23:40:46,2019.10.24,第二週
19位,召喚師,羽熙?歐吼OvOb,00:41.90,2019.10.23 16:24:34,2019.10.24,第二週
19位,燐劍士,大菠蘿乂,00:43.60,2019.10.23 18:55:29,2019.10.24,第二週
19位,氣功士,咕?,00:52.20,2019.10.23 19:51:33,2019.10.24,第二週
19位,力士,JASON,00:54.10,2019.10.23 17:49:13,2019.10.24,第二週
19位,槍擊士,丰筠,00:54.50,2019.10.23 20:00:33,2019.10.24,第二週
19位,弓箭手,冬彌南次郎,01:05.40,2019.10.23 20:59:51,2019.10.24,第二週
19位,刺客,米娜瓦,01:10.40,2019.10.23 21:47:15,2019.10.24,第二週
19位,乾坤士,傲嬌雨,01:23.50,2019.10.23 12:28:12,2019.10.24,第二週
20位,劍士,陽?,00:22.30,2019.10.23 20:07:31,2019.10.24,第二週
20位,拳士,炬?,00:37.0,2019.10.23 20:53:59,2019.10.24,第二週
20位,鬥士,熬夜不好建議通宵,00:37.20,2019.10.23 20:08:35,2019.10.24,第二週
20位,咒術師,阿宅好宅,00:40.30,2019.10.23 20:01:54,2019.10.24,第二週
20位,召喚師,小姐姐?,00:42.70,2019.10.23 12:56:05,2019.10.24,第二週
20位,燐劍士,唷齁?,00:44.90,2019.10.23 15:03:53,2019.10.24,第二週
20位,氣功士,友倫嚕嚕,00:53.0,2019.10.24 01:22:52,2019.10.24,第二週
20位,力士,幻龍痕,00:54.90,2019.10.23 18:54:26,2019.10.24,第二週
20位,槍擊士,清眸,00:56.50,2019.10.23 22:24:05,2019.10.24,第二週
20位,弓箭手,Calibra,01:05.80,2019.10.24 02:43:02,2019.10.24,第二週
20位,刺客,凋羽,01:11.90,2019.10.23 23:02:35,2019.10.24,第二週
20位,乾坤士,酸溜溜,01:24.50,2019.10.23 23:08:45,2019.10.24,第二週
21位,劍士,狂眾,00:22.30,2019.10.23 22:49:51,2019.10.24,第二週
21位,拳士,?小肥瓜,00:37.10,2019.10.24 01:29:11,2019.10.24,第二週
21位,鬥士,阿剎弭?,00:39.60,2019.10.24 00:51:31,2019.10.24,第二週
21位,咒術師,紫格格,00:42.80,2019.10.24 01:24:02,2019.10.24,第二週
21位,召喚師,加沐,00:42.80,2019.10.23 23:41:16,2019.10.24,第二週
21位,燐劍士,怡然游走,00:46.0,2019.10.24 04:40:46,2019.10.24,第二週
21位,氣功士,美人櫻,00:53.60,2019.10.23 16:56:54,2019.10.24,第二週
21位,力士,只愛北鼻,00:55.0,2019.10.23 18:52:20,2019.10.24,第二週
21位,槍擊士,我愛阿樂,00:59.70,2019.10.23 17:17:54,2019.10.24,第二週
21位,弓箭手,十大bug,01:10.80,2019.10.23 23:21:19,2019.10.24,第二週
21位,刺客,霸氣雲天,01:12.30,2019.10.23 21:00:43,2019.10.24,第二週
21位,乾坤士,NifPriskilla,01:25.90,2019.10.23 22:15:47,2019.10.24,第二週
22位,劍士,既分高下也決生死,00:22.40,2019.10.23 22:27:28,2019.10.24,第二週
22位,拳士,幻溟弒閻,00:37.40,2019.10.23 17:06:10,2019.10.24,第二週
22位,鬥士,昊沄,00:41.70,2019.10.23 12:27:28,2019.10.24,第二週
22位,召喚師,MissXuan,00:42.90,2019.10.23 16:39:57,2019.10.24,第二週
22位,咒術師,焦糖烤布蕾?,00:45.0,2019.10.23 18:37:13,2019.10.24,第二週
22位,燐劍士,?醒?分,00:46.60,2019.10.23 21:55:19,2019.10.24,第二週
22位,氣功士,小蝸愛吃燒肉飯,00:54.10,2019.10.24 00:39:30,2019.10.24,第二週
22位,力士,Chu?起司棒,00:55.0,2019.10.23 23:27:01,2019.10.24,第二週
22位,槍擊士,花傲雪,01:00.10,2019.10.23 21:20:42,2019.10.24,第二週
22位,弓箭手,木瓜南瓜洋香瓜,01:12.10,2019.10.24 02:24:39,2019.10.24,第二週
22位,刺客,?水水布蕾?,01:13.0,2019.10.24 00:14:27,2019.10.24,第二週
22位,乾坤士,珺澄,01:36.30,2019.10.23 17:05:18,2019.10.24,第二週
23位,劍士,璇玥?,00:23.40,2019.10.23 18:02:39,2019.10.24,第二週
23位,拳士,伊璃?,00:37.70,2019.10.23 18:31:27,2019.10.24,第二週
23位,鬥士,哦齁?,00:43.10,2019.10.23 12:34:08,2019.10.24,第二週
23位,召喚師,小甜餅ouo,00:43.60,2019.10.23 22:12:49,2019.10.24,第二週
23位,咒術師,伝野?,00:46.40,2019.10.23 19:43:32,2019.10.24,第二週
23位,燐劍士,飛沙風中轉,00:47.10,2019.10.23 20:42:07,2019.10.24,第二週
23位,氣功士,寒暑六訣翠蘿寒,00:55.50,2019.10.23 19:35:11,2019.10.24,第二週
23位,力士,娜寶,00:57.20,2019.10.23 22:56:30,2019.10.24,第二週
23位,槍擊士,巫北帕,01:05.20,2019.10.24 00:48:21,2019.10.24,第二週
23位,弓箭手,蕭憶情,01:12.40,2019.10.23 21:32:38,2019.10.24,第二週
23位,刺客,墨淺伊?,01:15.0,2019.10.23 18:32:49,2019.10.24,第二週
23位,乾坤士,向宇宙下訂單逼逼,01:37.80,2019.10.24 01:43:18,2019.10.24,第二週
24位,劍士,誰?,00:24.10,2019.10.23 22:14:50,2019.10.24,第二週
24位,拳士,野比大熊,00:38.30,2019.10.23 23:50:26,2019.10.24,第二週
24位,召喚師,evach,00:43.90,2019.10.23 15:49:05,2019.10.24,第二週
24位,鬥士,小?囡囡,00:43.90,2019.10.23 12:14:56,2019.10.24,第二週
24位,咒術師,嘎月月?,00:46.60,2019.10.24 02:50:11,2019.10.24,第二週
24位,燐劍士,星山吼兒,00:49.70,2019.10.23 19:15:11,2019.10.24,第二週
24位,氣功士,澐綰紗?,00:56.60,2019.10.23 15:47:49,2019.10.24,第二週
24位,力士,華啟萊,00:59.30,2019.10.23 21:05:54,2019.10.24,第二週
24位,槍擊士,叔叔喜歡門關起來射兩下,01:07.30,2019.10.23 19:00:35,2019.10.24,第二週
24位,弓箭手,?情,01:12.60,2019.10.23 20:27:41,2019.10.24,第二週
24位,刺客,ShenFan,01:15.80,2019.10.23 21:36:43,2019.10.24,第二週
24位,乾坤士,激?白毛,01:38.10,2019.10.24 03:01:29,2019.10.24,第二週
25位,劍士,薰薰子,00:24.50,2019.10.23 17:57:03,2019.10.24,第二週
25位,拳士,煤礦裡的黑貓,00:38.50,2019.10.23 18:57:24,2019.10.24,第二週
25位,召喚師,?球仔King,00:44.0,2019.10.23 19:30:43,2019.10.24,第二週
25位,鬥士,煙花玲,00:45.40,2019.10.23 16:48:18,2019.10.24,第二週
25位,咒術師,司空青崳,00:47.80,2019.10.23 19:44:06,2019.10.24,第二週
25位,燐劍士,伊薩靖,00:50.10,2019.10.24 03:12:24,2019.10.24,第二週
25位,氣功士,洪爺?,00:56.60,2019.10.23 18:58:52,2019.10.24,第二週
25位,力士,奴小小,00:59.60,2019.10.23 20:36:58,2019.10.24,第二週
25位,槍擊士,皮030蛋,01:08.10,2019.10.23 13:16:34,2019.10.24,第二週
25位,弓箭手,你為什麼這麼熟練阿,01:15.0,2019.10.23 11:43:56,2019.10.24,第二週
25位,刺客,夢之碎片,01:18.0,2019.10.23 21:53:00,2019.10.24,第二週
25位,乾坤士,人偶姐姐,01:38.80,2019.10.23 13:45:53,2019.10.24,第二週
26位,劍士,花生魷,00:25.40,2019.10.23 22:00:17,2019.10.24,第二週
26位,拳士,咖啡凍鮮奶茶,00:38.50,2019.10.23 20:27:47,2019.10.24,第二週
26位,鬥士,Skr辣台妹騷底,00:45.60,2019.10.23 22:54:22,2019.10.24,第二週
26位,召喚師,夜不能寐,00:45.90,2019.10.23 12:11:40,2019.10.24,第二週
26位,燐劍士,阿不就好慢慢,00:50.20,2019.10.24 01:13:56,2019.10.24,第二週
26位,咒術師,橘子薄荷蘇打,00:50.40,2019.10.23 18:55:39,2019.10.24,第二週
26位,氣功士,尹心兒,00:56.90,2019.10.23 18:07:01,2019.10.24,第二週
26位,力士,飛腸杏韻,01:03.20,2019.10.24 00:47:37,2019.10.24,第二週
26位,槍擊士,寄樹人猿,01:08.40,2019.10.23 22:14:49,2019.10.24,第二週
26位,弓箭手,?赤熱,01:15.40,2019.10.23 19:17:47,2019.10.24,第二週
26位,刺客,星辰幽幻z,01:18.10,2019.10.24 02:39:51,2019.10.24,第二週
26位,乾坤士,琴寧,01:42.50,2019.10.23 13:23:15,2019.10.24,第二週
27位,劍士,一窺葉而知秋,00:26.90,2019.10.24 00:30:07,2019.10.24,第二週
27位,拳士,慕蓉鳳翔,00:38.90,2019.10.23 15:20:24,2019.10.24,第二週
27位,召喚師,姍珊可愛,00:46.50,2019.10.23 22:26:56,2019.10.24,第二週
27位,鬥士,肆傑?,00:47.80,2019.10.23 22:41:26,2019.10.24,第二週
27位,咒術師,0少囉嗦0,00:51.40,2019.10.23 17:05:06,2019.10.24,第二週
27位,燐劍士,地球是我捏圓滴,00:51.60,2019.10.23 23:45:44,2019.10.24,第二週
27位,氣功士,流飄,00:57.50,2019.10.23 23:50:50,2019.10.24,第二週
27位,力士,利媞會動,01:03.40,2019.10.23 22:18:25,2019.10.24,第二週
27位,槍擊士,蘇茯,01:11.40,2019.10.23 19:59:47,2019.10.24,第二週
27位,弓箭手,Tedio,01:16.20,2019.10.23 12:13:49,2019.10.24,第二週
27位,刺客,絕世之色,01:18.40,2019.10.23 21:57:30,2019.10.24,第二週
27位,乾坤士,夜下赤瞳,01:45.30,2019.10.23 22:25:12,2019.10.24,第二週
28位,劍士,糖芯語兒,00:26.90,2019.10.24 03:27:39,2019.10.24,第二週
28位,拳士,杰奧斯,00:42.40,2019.10.23 15:26:41,2019.10.24,第二週
28位,召喚師,包包鵝,00:46.60,2019.10.23 13:07:37,2019.10.24,第二週
28位,鬥士,??小?,00:49.90,2019.10.24 05:22:52,2019.10.24,第二週
28位,燐劍士,別彈我耳朵,00:52.50,2019.10.23 20:48:32,2019.10.24,第二週
28位,咒術師,Kui奎o,00:53.10,2019.10.23 23:16:47,2019.10.24,第二週
28位,氣功士,o仙伯o,00:57.70,2019.10.23 17:55:33,2019.10.24,第二週
28位,力士,RockRose,01:06.50,2019.10.24 04:03:33,2019.10.24,第二週
28位,槍擊士,Ashura翎羽,01:11.60,2019.10.23 16:37:19,2019.10.24,第二週
28位,弓箭手,朕?射妮無罪,01:18.30,2019.10.23 18:56:22,2019.10.24,第二週
28位,刺客,?式?,01:19.70,2019.10.23 21:50:06,2019.10.24,第二週
28位,乾坤士,簡辰,01:46.0,2019.10.24 01:33:12,2019.10.24,第二週
29位,劍士,月光下沉睡,00:27.20,2019.10.23 16:56:48,2019.10.24,第二週
29位,拳士,妃?亞,00:42.60,2019.10.23 21:07:56,2019.10.24,第二週
29位,召喚師,暗火舞,00:48.20,2019.10.23 18:14:30,2019.10.24,第二週
29位,鬥士,聲雨竹,00:52.10,2019.10.24 04:20:29,2019.10.24,第二週
29位,燐劍士,SKY小天,00:52.60,2019.10.23 21:49:13,2019.10.24,第二週
29位,咒術師,公孫玥櫻,00:55.70,2019.10.23 20:05:26,2019.10.24,第二週
29位,氣功士,o桔瑀琋o,01:00.80,2019.10.23 19:10:56,2019.10.24,第二週
29位,力士,型人,01:07.20,2019.10.23 20:00:45,2019.10.24,第二週
29位,槍擊士,Berrypewpew,01:13.40,2019.10.23 21:21:56,2019.10.24,第二週
29位,弓箭手,揪揪妹,01:18.70,2019.10.23 22:01:27,2019.10.24,第二週
29位,刺客,狄雨,01:20.70,2019.10.23 23:32:42,2019.10.24,第二週
29位,乾坤士,牛奶雪糕,01:46.0,2019.10.24 05:37:35,2019.10.24,第二週
30位,劍士,巨乳人妻?,00:27.30,2019.10.23 22:13:27,2019.10.24,第二週
30位,拳士,百草糖,00:43.70,2019.10.23 18:49:22,2019.10.24,第二週
30位,召喚師,肥?兔仔,00:48.80,2019.10.24 01:58:20,2019.10.24,第二週
30位,燐劍士,?丸,00:53.10,2019.10.23 18:25:45,2019.10.24,第二週
30位,鬥士,騷比里亞,00:53.60,2019.10.23 18:00:06,2019.10.24,第二週
30位,咒術師,?藍,00:56.10,2019.10.24 03:16:28,2019.10.24,第二週
30位,氣功士,櫻花喵雪,01:01.10,2019.10.23 22:22:49,2019.10.24,第二週
30位,力士,喵陶陶,01:07.70,2019.10.23 20:44:55,2019.10.24,第二週
30位,槍擊士,蒼夜雷,01:16.70,2019.10.24 00:39:04,2019.10.24,第二週
30位,弓箭手,老娘錢多開豐田錢少開寶馬,01:20.10,2019.10.23 11:43:35,2019.10.24,第二週
30位,刺客,幽劍姬,01:21.50,2019.10.24 00:41:03,2019.10.24,第二週
30位,乾坤士,?玴?,01:51.60,2019.10.24 00:21:55,2019.10.24,第二週
31位,劍士,ojamajo,00:27.40,2019.10.24 02:43:09,2019.10.24,第二週
31位,拳士,古怪的非法字符,00:45.50,2019.10.23 20:00:24,2019.10.24,第二週
31位,召喚師,Courageous,00:50.30,2019.10.23 23:57:46,2019.10.24,第二週
31位,燐劍士,?凍豆腐,00:53.40,2019.10.23 20:01:16,2019.10.24,第二週
31位,鬥士,匚弟?,00:53.70,2019.10.23 13:17:57,2019.10.24,第二週
31位,咒術師,寂寞蒼茫,00:56.50,2019.10.23 21:02:03,2019.10.24,第二週
31位,氣功士,蜂蜜草莓冰淇淋,01:01.30,2019.10.24 01:12:33,2019.10.24,第二週
31位,力士,布卡碰??,01:07.80,2019.10.23 19:20:05,2019.10.24,第二週
31位,槍擊士,汐渃芷,01:18.10,2019.10.23 18:39:33,2019.10.24,第二週
31位,刺客,蒼無羽,01:21.60,2019.10.23 20:04:11,2019.10.24,第二週
31位,弓箭手,粉色小公舉大囧哥,01:21.60,2019.10.24 00:43:04,2019.10.24,第二週
31位,乾坤士,包包丸子頭,01:56.30,2019.10.23 14:46:11,2019.10.24,第二週
32位,劍士,九軍?,00:27.80,2019.10.23 22:34:39,2019.10.24,第二週
32位,拳士,櫻渚梨央,00:46.0,2019.10.24 02:21:34,2019.10.24,第二週
32位,召喚師,Ann枒,00:51.0,2019.10.24 01:11:50,2019.10.24,第二週
32位,燐劍士,東京有點熱?,00:53.70,2019.10.24 02:14:47,2019.10.24,第二週
32位,鬥士,瑞穗倚門掀奶,00:54.60,2019.10.23 20:26:40,2019.10.24,第二週
32位,咒術師,臻惟,00:56.80,2019.10.23 22:20:25,2019.10.24,第二週
32位,氣功士,隔壁小生,01:01.40,2019.10.23 18:13:07,2019.10.24,第二週
32位,力士,玄璃星君,01:08.30,2019.10.23 14:55:13,2019.10.24,第二週
32位,槍擊士,初心?,01:18.70,2019.10.23 23:48:16,2019.10.24,第二週
32位,弓箭手,?射臉,01:23.30,2019.10.23 14:14:47,2019.10.24,第二週
32位,刺客,鬼迷神疑?,01:28.10,2019.10.24 01:16:39,2019.10.24,第二週
32位,乾坤士,上官?母湯,01:59.30,2019.10.23 18:45:47,2019.10.24,第二週
33位,劍士,曉澄,00:28.80,2019.10.23 22:51:14,2019.10.24,第二週
33位,拳士,蘿莉?D?香吉士,00:46.20,2019.10.23 12:47:04,2019.10.24,第二週
33位,召喚師,鴇兒?,00:51.30,2019.10.23 19:59:17,2019.10.24,第二週
33位,燐劍士,靜畫扇,00:53.80,2019.10.23 20:51:53,2019.10.24,第二週
33位,鬥士,瑄兒o,00:55.0,2019.10.23 19:33:20,2019.10.24,第二週
33位,咒術師,芙梓,00:57.0,2019.10.23 21:12:00,2019.10.24,第二週
33位,氣功士,琰花?,01:01.70,2019.10.24 00:13:24,2019.10.24,第二週
33位,力士,玄煌破?陣,01:09.40,2019.10.23 19:45:15,2019.10.24,第二週
33位,槍擊士,好馬?不吃窩邊草,01:21.20,2019.10.23 11:25:10,2019.10.24,第二週
33位,弓箭手,好了別再射啦,01:24.0,2019.10.23 17:16:36,2019.10.24,第二週
33位,刺客,村井秀介,01:28.30,2019.10.23 21:10:38,2019.10.24,第二週
33位,乾坤士,小折耳,01:59.40,2019.10.24 00:26:56,2019.10.24,第二週
34位,劍士,蔥燒牛肉滅,00:29.80,2019.10.23 20:23:15,2019.10.24,第二週
34位,拳士,ChaosDemon,00:47.30,2019.10.23 12:54:49,2019.10.24,第二週
34位,召喚師,水語痕,00:51.40,2019.10.23 14:34:11,2019.10.24,第二週
34位,燐劍士,紫菱琉璃,00:55.50,2019.10.23 19:17:09,2019.10.24,第二週
34位,鬥士,悅芯光柔,00:55.90,2019.10.23 11:26:51,2019.10.24,第二週
34位,咒術師,星沁沁娃,00:57.10,2019.10.24 01:14:53,2019.10.24,第二週
34位,氣功士,歌嵐,01:02.50,2019.10.23 17:21:16,2019.10.24,第二週
34位,力士,戮默,01:11.0,2019.10.23 20:57:31,2019.10.24,第二週
34位,槍擊士,虹?机?网???八千,01:21.60,2019.10.23 16:57:55,2019.10.24,第二週
34位,弓箭手,芹澤蕾拉?,01:24.10,2019.10.24 03:24:58,2019.10.24,第二週
34位,刺客,?狄,01:28.50,2019.10.24 00:36:55,2019.10.24,第二週
34位,乾坤士,醉無瑕,02:00.30,2019.10.24 03:15:23,2019.10.24,第二週
35位,劍士,酥維儂,00:30.0,2019.10.23 18:05:58,2019.10.24,第二週
35位,拳士,勃起天尊?瘋狗吉娃娃,00:48.0,2019.10.23 12:42:27,2019.10.24,第二週
35位,召喚師,泠欷,00:52.70,2019.10.24 03:03:26,2019.10.24,第二週
35位,燐劍士,拿聖經砸佛陀,00:56.20,2019.10.23 12:52:59,2019.10.24,第二週
35位,咒術師,Hot綠茶,00:57.20,2019.10.23 18:42:57,2019.10.24,第二週
35位,鬥士,飄洋?過海,00:57.70,2019.10.23 20:05:26,2019.10.24,第二週
35位,氣功士,小半拍?,01:02.50,2019.10.23 21:02:05,2019.10.24,第二週
35位,力士,艾莉沙,01:11.70,2019.10.23 23:18:39,2019.10.24,第二週
35位,槍擊士,冪貓貓,01:21.90,2019.10.23 22:08:34,2019.10.24,第二週
35位,弓箭手,小短,01:25.90,2019.10.23 17:35:32,2019.10.24,第二週
35位,刺客,HyberLation,01:30.30,2019.10.24 01:07:17,2019.10.24,第二週
35位,乾坤士,楓飛殺,02:00.60,2019.10.23 23:04:36,2019.10.24,第二週
36位,劍士,你是不是有病R,00:30.20,2019.10.23 15:51:14,2019.10.24,第二週
36位,拳士,超級全家桶,00:49.10,2019.10.23 12:33:56,2019.10.24,第二週
36位,召喚師,蘋果悠,00:53.40,2019.10.23 23:28:38,2019.10.24,第二週
36位,咒術師,放肆精靈,00:57.50,2019.10.23 23:27:01,2019.10.24,第二週
36位,燐劍士,櫻o羽淚,00:58.10,2019.10.23 20:54:52,2019.10.24,第二週
36位,鬥士,Miss?陽,00:58.50,2019.10.24 03:01:35,2019.10.24,第二週
36位,氣功士,Pirin,01:02.60,2019.10.23 19:59:36,2019.10.24,第二週
36位,力士,nFtSg?空空?,01:11.90,2019.10.23 22:39:12,2019.10.24,第二週
36位,槍擊士,夢星魚,01:23.0,2019.10.23 13:27:02,2019.10.24,第二週
36位,弓箭手,傻眼貓咪?,01:26.60,2019.10.23 19:55:46,2019.10.24,第二週
36位,刺客,Lusa,01:34.90,2019.10.24 01:09:10,2019.10.24,第二週
36位,乾坤士,陌水深,02:01.10,2019.10.23 23:46:49,2019.10.24,第二週
37位,劍士,?小肥酥,00:30.30,2019.10.23 21:09:30,2019.10.24,第二週
37位,拳士,Elena,00:49.20,2019.10.23 13:12:27,2019.10.24,第二週
37位,召喚師,九狐狸,00:54.70,2019.10.23 15:57:12,2019.10.24,第二週
37位,咒術師,丸來哩底加,00:58.10,2019.10.23 22:20:51,2019.10.24,第二週
37位,燐劍士,萌言萌語,00:58.90,2019.10.23 23:36:57,2019.10.24,第二週
37位,鬥士,小哥哥?,01:00.30,2019.10.24 01:07:43,2019.10.24,第二週
37位,氣功士,白先勇,01:03.20,2019.10.23 22:37:48,2019.10.24,第二週
37位,力士,舞潔,01:12.40,2019.10.23 22:33:31,2019.10.24,第二週
37位,槍擊士,沐煦,01:23.20,2019.10.23 22:51:37,2019.10.24,第二週
37位,弓箭手,風殛?星殞,01:27.80,2019.10.24 04:24:24,2019.10.24,第二週
37位,刺客,卑鳴呼呼飛走,01:35.80,2019.10.23 22:32:30,2019.10.24,第二週
37位,乾坤士,出發吧,02:05.10,2019.10.23 17:25:29,2019.10.24,第二週
38位,劍士,忒小星o,00:30.50,2019.10.24 00:27:40,2019.10.24,第二週
38位,拳士,名刀?鳴鴻,00:50.20,2019.10.24 00:16:52,2019.10.24,第二週
38位,召喚師,貝殼俏俏,00:54.80,2019.10.23 12:32:16,2019.10.24,第二週
38位,燐劍士,櫻閃,00:59.10,2019.10.23 21:54:22,2019.10.24,第二週
38位,咒術師,陳美米,01:00.40,2019.10.23 22:43:30,2019.10.24,第二週
38位,鬥士,荔枝蜂蜜,01:00.50,2019.10.23 18:57:51,2019.10.24,第二週
38位,氣功士,琉冥,01:04.40,2019.10.23 15:56:19,2019.10.24,第二週
38位,力士,河豚穿泳褲,01:12.80,2019.10.23 22:54:39,2019.10.24,第二週
38位,槍擊士,天天say咕拜,01:23.90,2019.10.24 00:18:36,2019.10.24,第二週
38位,弓箭手,864351,01:28.30,2019.10.23 20:40:19,2019.10.24,第二週
38位,刺客,韓涵兒,01:39.50,2019.10.23 23:41:07,2019.10.24,第二週
38位,乾坤士,貪啃奇吃你妹,02:05.40,2019.10.23 19:24:44,2019.10.24,第二週
39位,劍士,Aine蕾,00:30.70,2019.10.23 15:09:55,2019.10.24,第二週
39位,拳士,皇小悠,00:51.10,2019.10.24 02:26:09,2019.10.24,第二週
39位,召喚師,蠻妞兒,00:55.50,2019.10.23 21:45:05,2019.10.24,第二週
39位,鬥士,?臉滾鍵盤,01:00.60,2019.10.23 22:11:47,2019.10.24,第二週
39位,燐劍士,嵐流星,01:00.90,2019.10.24 01:12:20,2019.10.24,第二週
39位,咒術師,茶樹精油,01:02.60,2019.10.23 22:28:14,2019.10.24,第二週
39位,氣功士,露希薇雅,01:04.60,2019.10.24 05:24:34,2019.10.24,第二週
39位,力士,瘋和尚也有拿斧頭的今天,01:13.70,2019.10.24 03:07:00,2019.10.24,第二週
39位,槍擊士,Estarona,01:28.0,2019.10.23 16:11:31,2019.10.24,第二週
39位,弓箭手,馬小歐,01:29.0,2019.10.23 12:49:28,2019.10.24,第二週
39位,刺客,甦蒔,01:40.90,2019.10.24 00:48:31,2019.10.24,第二週
39位,乾坤士,任涼風,02:10.10,2019.10.23 13:33:49,2019.10.24,第二週
40位,劍士,CoChiKang,00:31.30,2019.10.23 19:51:56,2019.10.24,第二週
40位,拳士,如夢令,00:51.50,2019.10.23 23:51:51,2019.10.24,第二週
40位,召喚師,依蝶兒,00:55.90,2019.10.23 18:35:30,2019.10.24,第二週
40位,鬥士,君篁,01:00.80,2019.10.24 02:01:23,2019.10.24,第二週
40位,燐劍士,冷月幻燁,01:01.50,2019.10.23 21:47:35,2019.10.24,第二週
40位,咒術師,雪靈緗,01:03.30,2019.10.23 19:17:51,2019.10.24,第二週
40位,氣功士,InFlamess,01:05.30,2019.10.23 18:09:13,2019.10.24,第二週
40位,力士,八木俊典?,01:15.40,2019.10.23 18:35:50,2019.10.24,第二週
40位,槍擊士,一阿Q桶麵一,01:28.80,2019.10.23 16:22:59,2019.10.24,第二週
40位,弓箭手,果糖UwU,01:29.60,2019.10.23 22:14:08,2019.10.24,第二週
40位,刺客,Nesaka,01:41.10,2019.10.24 05:11:27,2019.10.24,第二週
40位,乾坤士,艾維卡的星舞,02:14.40,2019.10.23 19:44:44,2019.10.24,第二週
41位,劍士,殺殺,00:31.60,2019.10.23 16:09:57,2019.10.24,第二週
41位,拳士,君?,00:52.70,2019.10.23 20:51:50,2019.10.24,第二週
41位,召喚師,墨夜香,00:56.0,2019.10.24 00:47:57,2019.10.24,第二週
41位,鬥士,櫻小路狸,01:01.30,2019.10.23 19:43:14,2019.10.24,第二週
41位,燐劍士,鏡之水底,01:02.30,2019.10.23 21:39:29,2019.10.24,第二週
41位,咒術師,禎愛520,01:03.70,2019.10.24 02:08:45,2019.10.24,第二週
41位,氣功士,Drakevil,01:05.80,2019.10.23 14:37:27,2019.10.24,第二週
41位,力士,艷小妞,01:15.70,2019.10.23 12:50:14,2019.10.24,第二週
41位,槍擊士,Scarborough凡,01:29.80,2019.10.23 12:44:43,2019.10.24,第二週
41位,弓箭手,艾蘭里亞?風行者,01:29.90,2019.10.23 14:03:14,2019.10.24,第二週
41位,刺客,瑪涅芭,01:42.60,2019.10.24 01:26:27,2019.10.24,第二週
41位,乾坤士,虹若嫣然,02:24.70,2019.10.23 16:35:41,2019.10.24,第二週
42位,劍士,檸檬酸酸,00:33.40,2019.10.23 18:24:52,2019.10.24,第二週
42位,拳士,枕頭山掌門人,00:54.0,2019.10.23 17:37:34,2019.10.24,第二週
42位,召喚師,湘湘可樂果,00:56.40,2019.10.23 19:33:08,2019.10.24,第二週
42位,燐劍士,冰之璇舞,01:03.0,2019.10.23 15:52:07,2019.10.24,第二週
42位,鬥士,?阿楠楠?,01:04.10,2019.10.23 13:22:32,2019.10.24,第二週
42位,咒術師,?奶茶?,01:04.30,2019.10.24 01:24:12,2019.10.24,第二週
42位,氣功士,小馴鹿,01:06.20,2019.10.23 21:01:50,2019.10.24,第二週
42位,力士,湘唲?,01:16.70,2019.10.24 01:31:26,2019.10.24,第二週
42位,槍擊士,槍一?,01:30.90,2019.10.24 00:19:39,2019.10.24,第二週
42位,弓箭手,社會小青年,01:33.70,2019.10.23 13:25:01,2019.10.24,第二週
42位,刺客,雪若冰心,01:42.90,2019.10.23 18:38:19,2019.10.24,第二週
42位,乾坤士,朱音奈,02:26.60,2019.10.23 18:56:26,2019.10.24,第二週
43位,劍士,小淚殤,00:33.80,2019.10.23 22:54:09,2019.10.24,第二週
43位,拳士,LouiseClyne,00:54.30,2019.10.24 01:23:57,2019.10.24,第二週
43位,召喚師,菟絲花,00:57.0,2019.10.24 01:14:09,2019.10.24,第二週
43位,燐劍士,咕狗,01:03.80,2019.10.23 15:34:17,2019.10.24,第二週
43位,咒術師,無法遺忘的光輝世界,01:04.50,2019.10.23 23:02:54,2019.10.24,第二週
43位,鬥士,Mask?橘貓貓,01:05.40,2019.10.23 19:25:51,2019.10.24,第二週
43位,氣功士,弦羚,01:09.40,2019.10.23 21:34:31,2019.10.24,第二週
43位,力士,阿迪仔?,01:17.40,2019.10.23 23:25:03,2019.10.24,第二週
43位,槍擊士,蜃景?,01:34.40,2019.10.23 20:46:49,2019.10.24,第二週
43位,弓箭手,白乃莉凜,01:35.50,2019.10.24 02:46:39,2019.10.24,第二週
43位,刺客,Oh一FAT,01:43.80,2019.10.24 00:17:49,2019.10.24,第二週
43位,乾坤士,乾酷,02:27.30,2019.10.23 17:43:40,2019.10.24,第二週
44位,劍士,雪天妘,00:33.90,2019.10.24 01:20:54,2019.10.24,第二週
44位,拳士,傲宇情,00:54.80,2019.10.23 18:03:17,2019.10.24,第二週
44位,召喚師,依落華奏,00:57.40,2019.10.23 17:47:22,2019.10.24,第二週
44位,燐劍士,蛋白質狗狗,01:03.80,2019.10.24 00:08:25,2019.10.24,第二週
44位,鬥士,黑血姬,01:05.50,2019.10.23 21:03:10,2019.10.24,第二週
44位,咒術師,夏楓?,01:05.80,2019.10.23 23:34:59,2019.10.24,第二週
44位,氣功士,kentu?,01:09.50,2019.10.23 16:19:12,2019.10.24,第二週
44位,力士,何境風聲,01:19.0,2019.10.24 01:22:56,2019.10.24,第二週
44位,槍擊士,I趁趁隆I,01:35.0,2019.10.23 19:17:57,2019.10.24,第二週
44位,弓箭手,禮志,01:35.70,2019.10.23 23:39:43,2019.10.24,第二週
44位,刺客,邈無聲息,01:52.90,2019.10.23 11:14:03,2019.10.24,第二週
44位,乾坤士,迷途女子,02:28.10,2019.10.23 19:02:23,2019.10.24,第二週
45位,劍士,Oo艾克高爾oO,00:34.0,2019.10.23 11:12:28,2019.10.24,第二週
45位,拳士,紫月?嵐,00:55.40,2019.10.23 16:12:43,2019.10.24,第二週
45位,召喚師,冷語晴,00:58.0,2019.10.23 22:42:17,2019.10.24,第二週
45位,燐劍士,雪舞明月夜,01:04.60,2019.10.24 00:42:09,2019.10.24,第二週
45位,咒術師,夜漪月,01:05.90,2019.10.23 19:11:13,2019.10.24,第二週
45位,鬥士,?不赦,01:06.0,2019.10.23 13:50:35,2019.10.24,第二週
45位,氣功士,拉斐爾?晴,01:09.50,2019.10.23 23:56:15,2019.10.24,第二週
45位,力士,白鬍子海賊,01:20.50,2019.10.23 21:48:01,2019.10.24,第二週
45位,槍擊士,一縷冷香遠,01:36.20,2019.10.23 17:50:24,2019.10.24,第二週
45位,弓箭手,3Q戰神,01:39.80,2019.10.23 19:31:09,2019.10.24,第二週
45位,刺客,武老爹,01:56.80,2019.10.23 21:18:21,2019.10.24,第二週
45位,乾坤士,沁?葵,02:43.70,2019.10.24 04:00:24,2019.10.24,第二週
46位,劍士,宇智波宣兒o,00:35.70,2019.10.23 18:32:21,2019.10.24,第二週
46位,拳士,起?了?,00:56.0,2019.10.23 23:54:11,2019.10.24,第二週
46位,召喚師,蒨妡,00:58.30,2019.10.23 22:32:59,2019.10.24,第二週
46位,燐劍士,妳的名子?,01:05.80,2019.10.23 14:46:11,2019.10.24,第二週
46位,鬥士,老闆?,01:06.20,2019.10.23 17:25:56,2019.10.24,第二週
46位,咒術師,千草露璐,01:06.20,2019.10.23 18:35:36,2019.10.24,第二週
46位,氣功士,哇靠操我的菜,01:11.30,2019.10.23 15:52:01,2019.10.24,第二週
46位,力士,藩y,01:28.10,2019.10.23 11:38:37,2019.10.24,第二週
46位,槍擊士,Fantasticnc,01:37.10,2019.10.23 19:18:52,2019.10.24,第二週
46位,弓箭手,霜??,01:43.10,2019.10.24 01:34:01,2019.10.24,第二週
46位,刺客,清水純綾,01:56.80,2019.10.23 23:11:11,2019.10.24,第二週
46位,乾坤士,夏羽忻,02:48.10,2019.10.23 18:45:34,2019.10.24,第二週
47位,劍士,妮米亞,00:36.10,2019.10.24 01:05:59,2019.10.24,第二週
47位,拳士,凜果,00:58.0,2019.10.23 13:15:36,2019.10.24,第二週
47位,召喚師,紫燄喵,00:59.60,2019.10.23 20:14:02,2019.10.24,第二週
47位,燐劍士,易子星,01:05.90,2019.10.24 01:44:46,2019.10.24,第二週
47位,鬥士,ChihayaQwQ,01:06.40,2019.10.23 18:43:47,2019.10.24,第二週
47位,咒術師,韓宇緋,01:06.80,2019.10.23 13:01:40,2019.10.24,第二週
47位,氣功士,乂Dreams乂,01:12.30,2019.10.23 16:48:47,2019.10.24,第二週
47位,力士,光南大批發,01:28.60,2019.10.23 20:57:24,2019.10.24,第二週
47位,槍擊士,夜貓?空,01:40.90,2019.10.23 13:37:35,2019.10.24,第二週
47位,弓箭手,傾伈?,01:44.60,2019.10.24 00:00:45,2019.10.24,第二週
47位,刺客,官佟?,01:57.10,2019.10.23 23:42:03,2019.10.24,第二週
47位,乾坤士,造化鐘神秀陰陽割昏曉,02:51.30,2019.10.24 02:40:33,2019.10.24,第二週
48位,劍士,朕?,00:36.30,2019.10.23 20:02:27,2019.10.24,第二週
48位,拳士,乂香米寶寶乂,00:58.60,2019.10.23 14:51:49,2019.10.24,第二週
48位,召喚師,棉花糖果,00:59.60,2019.10.23 22:47:56,2019.10.24,第二週
48位,燐劍士,公主道六獵人,01:06.90,2019.10.23 14:23:57,2019.10.24,第二週
48位,鬥士,冰魄?,01:07.60,2019.10.23 22:54:46,2019.10.24,第二週
48位,咒術師,佐丹妮,01:08.60,2019.10.23 14:33:42,2019.10.24,第二週
48位,氣功士,甜漾羽芯,01:12.80,2019.10.23 23:56:24,2019.10.24,第二週
48位,力士,筱皮,01:31.30,2019.10.23 20:19:50,2019.10.24,第二週
48位,槍擊士,無情的情書,01:41.80,2019.10.23 15:01:38,2019.10.24,第二週
48位,弓箭手,阿蕾克西雅?米德嘉爾,01:50.70,2019.10.23 21:53:41,2019.10.24,第二週
48位,刺客,ELIEH,01:59.50,2019.10.23 22:19:02,2019.10.24,第二週
48位,乾坤士,阿赤赤,02:54.30,2019.10.23 20:03:13,2019.10.24,第二週
49位,劍士,枷栯,00:37.0,2019.10.23 15:45:12,2019.10.24,第二週
49位,拳士,阿爾馮斯,00:59.0,2019.10.23 19:32:25,2019.10.24,第二週
49位,召喚師,BK,00:59.70,2019.10.23 12:59:22,2019.10.24,第二週
49位,燐劍士,鶇煠,01:07.70,2019.10.24 01:15:48,2019.10.24,第二週
49位,鬥士,思內遊,01:07.80,2019.10.23 14:12:28,2019.10.24,第二週
49位,咒術師,茶花雀,01:08.80,2019.10.23 20:28:48,2019.10.24,第二週
49位,氣功士,凜穆,01:13.10,2019.10.23 23:55:58,2019.10.24,第二週
49位,力士,明日速水,01:31.50,2019.10.23 19:18:34,2019.10.24,第二週
49位,槍擊士,半糖果茶,01:42.40,2019.10.23 21:48:12,2019.10.24,第二週
49位,弓箭手,螢挽,01:53.60,2019.10.23 20:23:37,2019.10.24,第二週
49位,刺客,完美抄蛋,01:59.70,2019.10.23 16:56:58,2019.10.24,第二週
49位,乾坤士,篆刻心頭是妳的名字,03:02.90,2019.10.23 17:36:27,2019.10.24,第二週
50位,劍士,娜娜姐姐?,00:37.60,2019.10.23 11:33:44,2019.10.24,第二週
50位,拳士,Leidixiya,01:00.10,2019.10.23 21:16:36,2019.10.24,第二週
50位,召喚師,蝦月月?,01:00.10,2019.10.24 02:58:15,2019.10.24,第二週
50位,鬥士,青山蝶夢,01:08.50,2019.10.23 14:01:56,2019.10.24,第二週
50位,燐劍士,淺月流歌?,01:09.30,2019.10.24 02:59:02,2019.10.24,第二週
50位,咒術師,雁回月滿樓,01:12.80,2019.10.23 21:25:17,2019.10.24,第二週
50位,氣功士,鶹鴯,01:13.80,2019.10.23 20:06:04,2019.10.24,第二週
50位,力士,更衣,01:32.30,2019.10.24 01:23:12,2019.10.24,第二週
50位,槍擊士,醉無影,01:44.30,2019.10.24 02:12:00,2019.10.24,第二週
50位,弓箭手,草泥鴿,01:55.30,2019.10.23 20:57:00,2019.10.24,第二週
50位,刺客,優霧,01:59.70,2019.10.23 20:53:30,2019.10.24,第二週
50位,乾坤士,Scarlett?蒼嵐,03:03.0,2019.10.23 22:06:15,2019.10.24,第二週
51位,劍士,聖楓戀斯,00:39.70,2019.10.23 21:16:12,2019.10.24,第二週
51位,拳士,一拳定江山,01:01.10,2019.10.23 19:49:19,2019.10.24,第二週
51位,召喚師,Shadow?微光,01:01.20,2019.10.23 18:13:45,2019.10.24,第二週
51位,鬥士,櫻島惠琉織,01:08.90,2019.10.23 21:45:22,2019.10.24,第二週
51位,燐劍士,神鬼憩?鳴?,01:09.60,2019.10.24 01:36:55,2019.10.24,第二週
51位,咒術師,湘語霏,01:13.30,2019.10.23 17:56:07,2019.10.24,第二週
51位,氣功士,醉花憶聽雨,01:14.50,2019.10.23 19:26:25,2019.10.24,第二週
51位,力士,席香棋,01:33.70,2019.10.23 14:08:08,2019.10.24,第二週
51位,槍擊士,一昨晚不是我一,01:44.80,2019.10.23 21:24:48,2019.10.24,第二週
51位,弓箭手,Scorpio?無羽箭,01:55.80,2019.10.23 19:20:17,2019.10.24,第二週
51位,刺客,粿鹿?,02:01.20,2019.10.24 00:05:58,2019.10.24,第二週
52位,劍士,小瓜?,00:40.30,2019.10.23 21:33:13,2019.10.24,第二週
52位,召喚師,AiKun?花,01:01.40,2019.10.23 20:21:03,2019.10.24,第二週
52位,拳士,幻炎x,01:02.30,2019.10.23 23:53:36,2019.10.24,第二週
52位,鬥士,薇薾莉蕾雅,01:09.0,2019.10.24 00:21:36,2019.10.24,第二週
52位,燐劍士,o伊佐那紫o,01:09.90,2019.10.23 12:48:59,2019.10.24,第二週
52位,咒術師,樂祅燹燚,01:13.30,2019.10.23 23:11:38,2019.10.24,第二週
52位,氣功士,扣扣闖,01:14.90,2019.10.23 22:23:23,2019.10.24,第二週
52位,力士,娜帝,01:34.0,2019.10.23 23:52:34,2019.10.24,第二週
52位,槍擊士,紅心咻咻砰,01:46.50,2019.10.23 15:02:39,2019.10.24,第二週
52位,弓箭手,無雙一箭,01:57.70,2019.10.23 21:41:13,2019.10.24,第二週
52位,刺客,咕嚕貓x,02:03.20,2019.10.23 17:33:41,2019.10.24,第二週
53位,劍士,???,00:41.0,2019.10.23 16:07:12,2019.10.24,第二週
53位,召喚師,慕繣?,01:01.50,2019.10.24 01:34:28,2019.10.24,第二週
53位,拳士,是否唯一,01:03.30,2019.10.23 14:30:14,2019.10.24,第二週
53位,鬥士,瑪修?,01:09.0,2019.10.24 00:29:26,2019.10.24,第二週
53位,燐劍士,紫羽滄,01:10.20,2019.10.23 23:22:57,2019.10.24,第二週
53位,咒術師,御魁影,01:13.70,2019.10.23 11:30:36,2019.10.24,第二週
53位,氣功士,沁雪蝶,01:15.30,2019.10.24 02:33:12,2019.10.24,第二週
53位,力士,pThor,01:37.20,2019.10.23 21:17:41,2019.10.24,第二週
53位,槍擊士,連續狙擊,01:47.50,2019.10.24 00:08:59,2019.10.24,第二週
53位,弓箭手,穹?,02:00.70,2019.10.23 18:13:54,2019.10.24,第二週
53位,刺客,艾克賽蓮,02:09.70,2019.10.23 14:07:44,2019.10.24,第二週
54位,劍士,菲雷姆,00:41.50,2019.10.23 18:16:11,2019.10.24,第二週
54位,召喚師,啵啵哩,01:01.70,2019.10.23 11:20:00,2019.10.24,第二週
54位,拳士,內用妳的微笑?外帶妳的心,01:04.50,2019.10.23 18:43:42,2019.10.24,第二週
54位,鬥士,梵天殊,01:09.20,2019.10.23 19:20:25,2019.10.24,第二週
54位,燐劍士,悠雪?,01:13.20,2019.10.23 22:30:18,2019.10.24,第二週
54位,咒術師,祁羽?,01:13.70,2019.10.23 22:37:10,2019.10.24,第二週
54位,氣功士,紅透半月天,01:15.40,2019.10.23 21:20:50,2019.10.24,第二週
54位,力士,洗手間,01:38.50,2019.10.23 20:26:07,2019.10.24,第二週
54位,槍擊士,荻芸,01:48.90,2019.10.23 16:19:01,2019.10.24,第二週
54位,弓箭手,?漪,02:01.70,2019.10.23 16:18:41,2019.10.24,第二週
54位,刺客,山粉圓椰果,02:12.20,2019.10.23 13:19:26,2019.10.24,第二週
55位,劍士,說什麼,00:42.0,2019.10.24 00:53:20,2019.10.24,第二週
55位,召喚師,花?茉雨,01:01.80,2019.10.23 11:26:55,2019.10.24,第二週
55位,拳士,星楓雪,01:04.50,2019.10.23 23:28:15,2019.10.24,第二週
55位,鬥士,此彼相思樹,01:09.40,2019.10.23 17:31:28,2019.10.24,第二週
55位,燐劍士,扣扣走,01:13.30,2019.10.23 11:37:28,2019.10.24,第二週
55位,咒術師,金貝妻?,01:15.0,2019.10.23 12:33:26,2019.10.24,第二週
55位,氣功士,o噹噹o,01:15.50,2019.10.23 20:00:54,2019.10.24,第二週
55位,力士,戰神呂布字奉先,01:39.80,2019.10.23 17:39:25,2019.10.24,第二週
55位,槍擊士,凝若夏,01:49.60,2019.10.24 02:58:04,2019.10.24,第二週
55位,弓箭手,優莉西亞,02:01.70,2019.10.24 00:43:49,2019.10.24,第二週
55位,刺客,黑色知秋,02:14.80,2019.10.24 00:13:52,2019.10.24,第二週
56位,劍士,silent爻雷,00:42.70,2019.10.24 03:03:55,2019.10.24,第二週
56位,召喚師,實列永恆,01:02.10,2019.10.24 02:25:48,2019.10.24,第二週
56位,拳士,一紅中仔一,01:04.70,2019.10.23 22:17:38,2019.10.24,第二週
56位,鬥士,斬你禍根沖馬桶,01:09.50,2019.10.23 20:33:54,2019.10.24,第二週
56位,燐劍士,一夜醉語,01:13.30,2019.10.23 23:38:13,2019.10.24,第二週
56位,咒術師,咒術咻咻咻,01:15.40,2019.10.23 23:49:07,2019.10.24,第二週
56位,氣功士,夏蛋??,01:16.30,2019.10.23 19:32:10,2019.10.24,第二週
56位,力士,小玥,01:40.0,2019.10.24 02:11:18,2019.10.24,第二週
56位,槍擊士,昕唲?,01:51.10,2019.10.23 23:23:26,2019.10.24,第二週
56位,弓箭手,弓箭喵,02:02.0,2019.10.23 17:06:20,2019.10.24,第二週
56位,刺客,AnGeLsHn痕,02:20.40,2019.10.23 19:25:26,2019.10.24,第二週
57位,劍士,轉生,00:42.90,2019.10.24 00:51:34,2019.10.24,第二週
57位,召喚師,Antarcticite,01:02.20,2019.10.24 05:21:14,2019.10.24,第二週
57位,拳士,魔法少女?自立ww,01:05.10,2019.10.23 17:33:09,2019.10.24,第二週
57位,鬥士,Waltraute?,01:10.30,2019.10.24 00:34:06,2019.10.24,第二週
57位,燐劍士,PiauShiung,01:15.10,2019.10.24 01:13:59,2019.10.24,第二週
57位,咒術師,?水狐?,01:15.60,2019.10.23 11:39:24,2019.10.24,第二週
57位,氣功士,黑黑?,01:16.80,2019.10.23 20:05:09,2019.10.24,第二週
57位,力士,?月野兔?,01:40.50,2019.10.23 12:24:09,2019.10.24,第二週
57位,槍擊士,?北極兔,01:54.40,2019.10.23 20:27:34,2019.10.24,第二週
57位,弓箭手,一希爾維斯一,02:02.40,2019.10.23 14:47:46,2019.10.24,第二週
57位,刺客,Apple殤,02:28.50,2019.10.23 22:03:06,2019.10.24,第二週
58位,劍士,Anomaly?,00:43.20,2019.10.23 13:21:47,2019.10.24,第二週
58位,召喚師,?芙,01:02.50,2019.10.24 03:15:44,2019.10.24,第二週
58位,拳士,月磷風雪,01:05.10,2019.10.23 23:21:26,2019.10.24,第二週
58位,鬥士,啾咪打死大怪獸了,01:10.40,2019.10.23 21:56:19,2019.10.24,第二週
58位,燐劍士,碧落黃泉?,01:15.60,2019.10.24 00:01:41,2019.10.24,第二週
58位,咒術師,呆呆魚魚,01:16.20,2019.10.23 23:58:26,2019.10.24,第二週
58位,氣功士,儿童套餐,01:17.0,2019.10.23 14:44:28,2019.10.24,第二週
58位,力士,姜怒楓,01:40.70,2019.10.23 22:46:48,2019.10.24,第二週
58位,槍擊士,紫霄焱,01:55.20,2019.10.24 04:05:17,2019.10.24,第二週
58位,弓箭手,誰?,02:03.40,2019.10.23 18:35:21,2019.10.24,第二週
58位,刺客,星語?,02:40.50,2019.10.23 23:47:21,2019.10.24,第二週
59位,劍士,夜晨熙,00:44.0,2019.10.23 19:34:23,2019.10.24,第二週
59位,召喚師,海苔鮮蝦捲,01:03.0,2019.10.23 15:54:35,2019.10.24,第二週
59位,拳士,微糖多綠,01:05.70,2019.10.23 19:26:10,2019.10.24,第二週
59位,鬥士,YilanDora,01:10.60,2019.10.23 22:30:42,2019.10.24,第二週
59位,咒術師,妗妡,01:16.30,2019.10.23 17:15:31,2019.10.24,第二週
59位,燐劍士,妹惑天空,01:16.30,2019.10.23 19:10:04,2019.10.24,第二週
59位,氣功士,聶小青,01:17.30,2019.10.24 00:10:42,2019.10.24,第二週
59位,力士,弒無痕,01:42.90,2019.10.23 14:57:14,2019.10.24,第二週
59位,槍擊士,Querput,02:01.60,2019.10.24 00:16:27,2019.10.24,第二週
59位,弓箭手,妄想感傷代償連盟,02:04.40,2019.10.23 22:11:21,2019.10.24,第二週
59位,刺客,漠契,02:46.0,2019.10.23 23:12:32,2019.10.24,第二週
60位,劍士,楓筑,00:44.30,2019.10.23 12:45:46,2019.10.24,第二週
60位,召喚師,羊麵麵,01:04.10,2019.10.24 01:11:42,2019.10.24,第二週
60位,拳士,鯨嶼,01:07.30,2019.10.23 23:55:29,2019.10.24,第二週
60位,鬥士,SiaChi彧,01:11.20,2019.10.23 18:54:21,2019.10.24,第二週
60位,咒術師,檸檬玥,01:16.70,2019.10.23 21:42:57,2019.10.24,第二週
60位,燐劍士,花呼c,01:17.50,2019.10.24 01:58:57,2019.10.24,第二週
60位,氣功士,?雪雪布蕾?,01:18.70,2019.10.24 00:21:50,2019.10.24,第二週
60位,力士,Momo漾,01:46.60,2019.10.24 01:57:04,2019.10.24,第二週
60位,弓箭手,宥妡?,02:06.80,2019.10.23 21:27:08,2019.10.24,第二週
60位,槍擊士,母雞抖,02:07.20,2019.10.23 11:40:14,2019.10.24,第二週
60位,刺客,分刻,02:54.0,2019.10.23 22:31:57,2019.10.24,第二週
61位,劍士,NEKO馬卡龍,00:44.30,2019.10.23 21:42:06,2019.10.24,第二週
61位,召喚師,你我他,01:04.80,2019.10.23 12:31:56,2019.10.24,第二週
61位,拳士,空白y,01:07.80,2019.10.23 15:34:25,2019.10.24,第二週
61位,鬥士,末笙,01:12.70,2019.10.23 21:15:55,2019.10.24,第二週
61位,咒術師,佟潼,01:17.40,2019.10.23 19:32:04,2019.10.24,第二週
61位,氣功士,嫣雨玥,01:19.0,2019.10.24 00:02:21,2019.10.24,第二週
61位,燐劍士,草泥呆,01:20.60,2019.10.23 21:16:59,2019.10.24,第二週
61位,力士,?闇影之焱?,01:47.80,2019.10.24 02:18:54,2019.10.24,第二週
61位,槍擊士,小茯奈,02:08.20,2019.10.24 00:36:54,2019.10.24,第二週
61位,弓箭手,大大大可樂,02:09.90,2019.10.23 23:02:51,2019.10.24,第二週
61位,刺客,assassin艷,02:59.10,2019.10.23 21:44:35,2019.10.24,第二週
62位,劍士,Crazy時尚,00:44.50,2019.10.23 12:59:02,2019.10.24,第二週
62位,召喚師,采薇唯唯,01:05.20,2019.10.24 04:25:38,2019.10.24,第二週
62位,拳士,親愛的月月月神,01:08.20,2019.10.23 20:36:00,2019.10.24,第二週
62位,鬥士,你怎麼下班了呢,01:12.70,2019.10.24 01:24:47,2019.10.24,第二週
62位,咒術師,q草莓泡芙q,01:18.40,2019.10.23 17:23:08,2019.10.24,第二週
62位,氣功士,有翼,01:20.40,2019.10.23 20:41:14,2019.10.24,第二週
62位,燐劍士,BRWei,01:23.20,2019.10.23 22:04:21,2019.10.24,第二週
62位,力士,南?雪龍,01:50.90,2019.10.24 01:53:43,2019.10.24,第二週
62位,弓箭手,雪色幻想,02:10.80,2019.10.23 19:38:51,2019.10.24,第二週
62位,槍擊士,孤僻橘白貓,02:13.50,2019.10.24 00:46:25,2019.10.24,第二週
62位,刺客,消失斷線,03:01.0,2019.10.23 14:03:36,2019.10.24,第二週
63位,劍士,城市不築敗市有瑜,00:44.60,2019.10.23 23:20:09,2019.10.24,第二週
63位,召喚師,台服沒希望,01:06.10,2019.10.23 19:29:47,2019.10.24,第二週
63位,拳士,濕情畫液,01:08.90,2019.10.23 20:15:45,2019.10.24,第二週
63位,鬥士,?鬥癸,01:13.20,2019.10.24 03:26:01,2019.10.24,第二週
63位,咒術師,夜夜風華,01:18.90,2019.10.23 17:31:14,2019.10.24,第二週
63位,氣功士,平井桃mo粉,01:20.90,2019.10.24 01:04:52,2019.10.24,第二週
63位,燐劍士,黑月瞳,01:23.60,2019.10.24 00:05:14,2019.10.24,第二週
63位,力士,小?丑,01:51.10,2019.10.23 20:46:20,2019.10.24,第二週
63位,弓箭手,塵諦,02:11.10,2019.10.24 01:41:23,2019.10.24,第二週
63位,槍擊士,o蒼蒼,02:13.70,2019.10.24 02:25:03,2019.10.24,第二週
63位,刺客,牡月星子,03:01.60,2019.10.23 20:59:01,2019.10.24,第二週
64位,劍士,沐恩?,00:44.90,2019.10.23 19:07:17,2019.10.24,第二週
64位,召喚師,夢奈雪戀,01:06.40,2019.10.23 21:33:12,2019.10.24,第二週
64位,拳士,Oo莫鬼叫oO,01:09.10,2019.10.23 18:13:00,2019.10.24,第二週
64位,鬥士,知識就是力量培根就是熱量,01:14.40,2019.10.23 21:55:51,2019.10.24,第二週
64位,咒術師,Eerna冷沁,01:19.0,2019.10.24 02:34:40,2019.10.24,第二週
64位,氣功士,菜鳥氣功士,01:21.20,2019.10.23 20:42:32,2019.10.24,第二週
64位,燐劍士,東一局,01:24.20,2019.10.24 05:29:24,2019.10.24,第二週
64位,力士,GreenLatte,01:55.10,2019.10.23 21:37:56,2019.10.24,第二週
64位,弓箭手,佐眼?,02:12.70,2019.10.24 00:28:22,2019.10.24,第二週
64位,槍擊士,幻楓冷月?,02:14.0,2019.10.23 21:11:15,2019.10.24,第二週
64位,刺客,夜曉優,03:03.0,2019.10.23 15:13:03,2019.10.24,第二週
65位,劍士,詩杏,00:45.50,2019.10.23 15:01:41,2019.10.24,第二週
65位,召喚師,ElsaJuan,01:06.60,2019.10.23 12:59:12,2019.10.24,第二週
65位,拳士,洛無境,01:09.30,2019.10.23 12:56:07,2019.10.24,第二週
65位,鬥士,願無時光可回首,01:14.70,2019.10.23 20:33:05,2019.10.24,第二週
65位,咒術師,月光?醬,01:19.20,2019.10.23 19:47:17,2019.10.24,第二週
65位,氣功士,我的小妖精,01:22.30,2019.10.23 20:04:45,2019.10.24,第二週
65位,燐劍士,第一吃貨殿下,01:26.30,2019.10.23 14:52:32,2019.10.24,第二週
65位,力士,婭莉克爾,01:56.90,2019.10.23 19:22:03,2019.10.24,第二週
65位,弓箭手,箭玲,02:13.10,2019.10.23 19:57:05,2019.10.24,第二週
65位,槍擊士,步悠然,02:15.80,2019.10.24 00:17:39,2019.10.24,第二週
66位,劍士,野草?,00:45.50,2019.10.23 20:37:50,2019.10.24,第二週
66位,召喚師,下黃泉,01:06.80,2019.10.23 12:45:46,2019.10.24,第二週
66位,拳士,旭仔,01:10.10,2019.10.24 03:10:03,2019.10.24,第二週
66位,鬥士,司幽o,01:15.0,2019.10.23 21:50:27,2019.10.24,第二週
66位,咒術師,巴基力?蘭特克力斯,01:20.40,2019.10.23 20:51:41,2019.10.24,第二週
66位,氣功士,天斕,01:23.30,2019.10.23 21:05:33,2019.10.24,第二週
66位,燐劍士,曉焰,01:26.90,2019.10.23 22:02:48,2019.10.24,第二週
66位,力士,健行史丹利,02:07.50,2019.10.23 20:30:32,2019.10.24,第二週
66位,弓箭手,?萱兒,02:14.20,2019.10.23 19:12:28,2019.10.24,第二週
66位,槍擊士,沐雨橙霜,02:15.90,2019.10.24 02:22:18,2019.10.24,第二週
67位,劍士,煙花意冷,00:45.50,2019.10.24 03:29:23,2019.10.24,第二週
67位,召喚師,芯胤,01:06.90,2019.10.24 00:43:52,2019.10.24,第二週
67位,拳士,心悅君兮君不知?,01:10.40,2019.10.23 13:12:56,2019.10.24,第二週
67位,鬥士,雙雙大隻鬥士佬,01:15.0,2019.10.23 23:03:46,2019.10.24,第二週
67位,咒術師,日暮客愁新,01:21.10,2019.10.23 18:08:47,2019.10.24,第二週
67位,氣功士,Corrine,01:24.50,2019.10.23 20:52:40,2019.10.24,第二週
67位,燐劍士,艾茵莉斯,01:27.30,2019.10.23 21:24:13,2019.10.24,第二週
67位,力士,奇模吉,02:08.60,2019.10.23 19:37:55,2019.10.24,第二週
67位,槍擊士,惡魔的電動玩具槍,02:16.50,2019.10.23 15:38:51,2019.10.24,第二週
67位,弓箭手,喝?雪碧,02:19.70,2019.10.23 23:49:59,2019.10.24,第二週
68位,劍士,四季凰炎,00:46.20,2019.10.23 22:18:31,2019.10.24,第二週
68位,召喚師,漂水麟,01:08.0,2019.10.23 19:55:05,2019.10.24,第二週
68位,拳士,酷龍?,01:10.40,2019.10.23 18:29:32,2019.10.24,第二週
68位,鬥士,RonPredator,01:15.10,2019.10.23 19:26:57,2019.10.24,第二週
68位,咒術師,?木?,01:21.10,2019.10.24 03:00:51,2019.10.24,第二週
68位,氣功士,泠恩,01:24.70,2019.10.23 21:08:30,2019.10.24,第二週
68位,燐劍士,檸檸s,01:27.50,2019.10.24 00:48:34,2019.10.24,第二週
68位,力士,蒼天雙雙,02:12.20,2019.10.23 14:16:33,2019.10.24,第二週
68位,槍擊士,Neet?歐吼OvOb,02:20.50,2019.10.23 18:14:43,2019.10.24,第二週
68位,弓箭手,筱滄?,02:23.50,2019.10.23 22:15:09,2019.10.24,第二週
69位,劍士,萌時?,00:46.60,2019.10.24 01:17:43,2019.10.24,第二週
69位,召喚師,萌蝶蝶,01:08.20,2019.10.23 21:13:54,2019.10.24,第二週
69位,拳士,薇?莉特?伊芙加登,01:10.70,2019.10.23 18:47:10,2019.10.24,第二週
69位,鬥士,寒林疏芳,01:15.80,2019.10.23 13:40:23,2019.10.24,第二週
69位,咒術師,煎櫻桃鴨胸佐紅酒野莓汁,01:22.0,2019.10.23 21:18:11,2019.10.24,第二週
69位,氣功士,??楓,01:25.40,2019.10.23 20:01:12,2019.10.24,第二週
69位,燐劍士,三硝甲基苯,01:27.80,2019.10.23 23:40:58,2019.10.24,第二週
69位,力士,守護女神,02:13.70,2019.10.23 18:04:01,2019.10.24,第二週
69位,槍擊士,蝴蝶不傳千里夢,02:20.60,2019.10.24 01:08:18,2019.10.24,第二週
69位,弓箭手,風夏馨,02:28.0,2019.10.24 05:26:47,2019.10.24,第二週
70位,劍士,Emonce,00:47.60,2019.10.23 23:06:00,2019.10.24,第二週
70位,召喚師,糖糖乂寧靜,01:08.30,2019.10.24 03:03:45,2019.10.24,第二週
70位,拳士,Vega?筑筑,01:10.70,2019.10.23 21:18:57,2019.10.24,第二週
70位,鬥士,放雙手也可以,01:16.20,2019.10.23 17:38:57,2019.10.24,第二週
70位,咒術師,寶奶奶?,01:22.90,2019.10.23 16:14:13,2019.10.24,第二週
70位,氣功士,蘿碧森,01:25.50,2019.10.23 18:02:18,2019.10.24,第二週
70位,燐劍士,小小小小布偶,01:28.90,2019.10.24 03:06:14,2019.10.24,第二週
70位,力士,月光少女???,02:14.90,2019.10.23 13:29:48,2019.10.24,第二週
70位,槍擊士,勿忘語,02:23.90,2019.10.24 00:18:41,2019.10.24,第二週
70位,弓箭手,?泰??,02:29.90,2019.10.23 13:46:03,2019.10.24,第二週
71位,劍士,伊織瑜,00:48.10,2019.10.23 20:18:01,2019.10.24,第二週
71位,召喚師,夕夕?,01:08.50,2019.10.24 05:22:26,2019.10.24,第二週
71位,拳士,莫普通,01:11.50,2019.10.23 19:54:13,2019.10.24,第二週
71位,鬥士,聽說咒術要失業了呢,01:16.30,2019.10.23 15:50:49,2019.10.24,第二週
71位,咒術師,萌點,01:23.90,2019.10.23 23:59:49,2019.10.24,第二週
71位,氣功士,o丸子w,01:25.60,2019.10.24 00:05:14,2019.10.24,第二週
71位,燐劍士,隨風而飛,01:29.10,2019.10.23 23:06:42,2019.10.24,第二週
71位,力士,那一個眼神,02:22.0,2019.10.23 11:39:10,2019.10.24,第二週
71位,槍擊士,梟墨,02:26.60,2019.10.24 02:02:12,2019.10.24,第二週
71位,弓箭手,勇敢的阿庫婭,02:32.40,2019.10.23 19:05:20,2019.10.24,第二週
72位,劍士,若水之遙,00:48.20,2019.10.24 05:05:07,2019.10.24,第二週
72位,召喚師,小巧天竺鼠,01:08.70,2019.10.23 23:01:40,2019.10.24,第二週
72位,拳士,柚寒星,01:11.60,2019.10.23 18:08:45,2019.10.24,第二週
72位,鬥士,蒼辰?,01:16.40,2019.10.24 01:58:30,2019.10.24,第二週
72位,咒術師,逝言,01:25.40,2019.10.23 16:31:55,2019.10.24,第二週
72位,氣功士,薇莉亞,01:26.0,2019.10.23 22:27:37,2019.10.24,第二週
72位,燐劍士,百葉荳福,01:29.20,2019.10.24 02:42:20,2019.10.24,第二週
72位,力士,可愛小丸丸,02:22.10,2019.10.23 23:20:34,2019.10.24,第二週
72位,槍擊士,嵐川?,02:33.90,2019.10.23 22:32:05,2019.10.24,第二週
72位,弓箭手,樂悠魔,02:34.10,2019.10.23 23:20:25,2019.10.24,第二週
73位,劍士,Michelle?靚璇,00:48.30,2019.10.24 01:09:20,2019.10.24,第二週
73位,召喚師,Scotland,01:08.80,2019.10.23 23:29:44,2019.10.24,第二週
73位,拳士,麟月月?,01:11.60,2019.10.23 18:50:29,2019.10.24,第二週
73位,鬥士,緋幽?,01:16.80,2019.10.24 01:27:02,2019.10.24,第二週
73位,氣功士,一小多一,01:26.50,2019.10.23 22:47:17,2019.10.24,第二週
73位,咒術師,兔之花,01:26.60,2019.10.23 19:12:41,2019.10.24,第二週
73位,燐劍士,殛刃天翔,01:29.70,2019.10.23 22:00:40,2019.10.24,第二週
73位,力士,騎嬰兒車甩尾,02:27.70,2019.10.23 19:18:25,2019.10.24,第二週
73位,槍擊士,慕容魅霖,02:37.50,2019.10.23 18:30:05,2019.10.24,第二週
73位,弓箭手,Sa夏,02:39.70,2019.10.23 14:39:09,2019.10.24,第二週
74位,劍士,?弔唁?,00:49.0,2019.10.23 23:14:37,2019.10.24,第二週
74位,召喚師,波德琳,01:11.0,2019.10.24 01:03:01,2019.10.24,第二週
74位,拳士,荷依,01:11.60,2019.10.23 22:00:29,2019.10.24,第二週
74位,鬥士,兔柒柒?,01:21.0,2019.10.23 20:07:53,2019.10.24,第二週
74位,氣功士,爆米花?喵咪,01:27.0,2019.10.23 19:18:09,2019.10.24,第二週
74位,咒術師,璃依夜?,01:27.10,2019.10.23 18:37:19,2019.10.24,第二週
74位,燐劍士,布曼,01:29.90,2019.10.23 12:07:43,2019.10.24,第二週
74位,力士,沙漠駱駝,02:30.80,2019.10.23 19:18:21,2019.10.24,第二週
74位,弓箭手,沖田島輝,02:40.30,2019.10.23 22:08:17,2019.10.24,第二週
74位,槍擊士,涵昕,02:40.90,2019.10.23 16:40:49,2019.10.24,第二週
75位,劍士,苦情方塊酥,00:50.10,2019.10.23 22:12:00,2019.10.24,第二週
75位,召喚師,戀戀澄?,01:11.30,2019.10.23 18:36:12,2019.10.24,第二週
75位,拳士,草莽英雄,01:11.60,2019.10.24 01:24:25,2019.10.24,第二週
75位,鬥士,折月琉璃,01:21.30,2019.10.24 01:17:11,2019.10.24,第二週
75位,氣功士,風飲秋,01:27.80,2019.10.23 12:07:26,2019.10.24,第二週
75位,咒術師,親愛?我愛妳跟妳沒關係,01:27.90,2019.10.23 19:39:00,2019.10.24,第二週
75位,燐劍士,血小板很萌,01:31.70,2019.10.23 14:37:10,2019.10.24,第二週
75位,力士,霧夜雪,02:31.10,2019.10.23 17:46:35,2019.10.24,第二週
75位,弓箭手,奶貓OuO,02:44.90,2019.10.23 21:55:04,2019.10.24,第二週
75位,槍擊士,MJ龍之介,02:46.80,2019.10.23 21:39:43,2019.10.24,第二週
76位,劍士,夜霏,00:50.60,2019.10.23 21:51:44,2019.10.24,第二週
76位,拳士,豆泥,01:12.20,2019.10.24 01:10:46,2019.10.24,第二週
76位,召喚師,vv維vv,01:12.90,2019.10.24 02:26:10,2019.10.24,第二週
76位,鬥士,翔夢,01:21.60,2019.10.24 00:17:44,2019.10.24,第二週
76位,氣功士,夏淚,01:27.90,2019.10.24 00:16:28,2019.10.24,第二週
76位,咒術師,柳夢云,01:29.0,2019.10.23 13:23:52,2019.10.24,第二週
76位,燐劍士,蒸他媽蚌,01:33.20,2019.10.23 12:35:27,2019.10.24,第二週
76位,力士,花武,02:36.30,2019.10.24 03:22:36,2019.10.24,第二週
76位,槍擊士,神月芯,02:48.80,2019.10.23 20:14:58,2019.10.24,第二週
76位,弓箭手,TAI渣,02:53.50,2019.10.23 20:09:06,2019.10.24,第二週
77位,劍士,宵時雨,00:50.70,2019.10.24 00:38:56,2019.10.24,第二週
77位,召喚師,今天天氣紅茶雨,01:13.0,2019.10.23 12:49:48,2019.10.24,第二週
77位,拳士,諾爾菲婭,01:13.60,2019.10.23 18:09:21,2019.10.24,第二週
77位,鬥士,恰檸檬的雲,01:22.50,2019.10.23 12:29:26,2019.10.24,第二週
77位,咒術師,挖喔好咒,01:30.10,2019.10.24 00:48:08,2019.10.24,第二週
77位,氣功士,海日,01:30.80,2019.10.23 22:15:36,2019.10.24,第二週
77位,燐劍士,戴蒙?,01:35.20,2019.10.23 18:55:24,2019.10.24,第二週
77位,力士,?落似桑,02:41.20,2019.10.23 22:01:46,2019.10.24,第二週
77位,槍擊士,千反田翎,02:49.60,2019.10.23 22:55:47,2019.10.24,第二週
77位,弓箭手,凰飛雪,02:55.30,2019.10.23 20:00:21,2019.10.24,第二週
78位,劍士,羽扆?,00:51.80,2019.10.23 23:28:37,2019.10.24,第二週
78位,拳士,?布布,01:13.80,2019.10.23 18:14:31,2019.10.24,第二週
78位,召喚師,DJAN,01:14.60,2019.10.23 23:44:18,2019.10.24,第二週
78位,鬥士,湘川?,01:22.80,2019.10.23 22:22:32,2019.10.24,第二週
78位,咒術師,靈?寶貝,01:30.90,2019.10.23 18:37:19,2019.10.24,第二週
78位,氣功士,NekoAmy,01:31.40,2019.10.23 15:53:37,2019.10.24,第二週
78位,燐劍士,?二,01:35.60,2019.10.23 13:33:19,2019.10.24,第二週
78位,力士,免費線上學英文,02:49.20,2019.10.23 18:44:56,2019.10.24,第二週
78位,槍擊士,萊薇?,02:55.60,2019.10.23 18:14:47,2019.10.24,第二週
78位,弓箭手,御鈴音,02:56.30,2019.10.24 02:17:43,2019.10.24,第二週
79位,劍士,墨盡雷麟,00:52.90,2019.10.23 23:20:39,2019.10.24,第二週
79位,拳士,ACDome,01:14.30,2019.10.23 12:50:23,2019.10.24,第二週
79位,召喚師,我要生氣了,01:15.60,2019.10.23 19:39:31,2019.10.24,第二週
79位,鬥士,赤熱?,01:24.40,2019.10.23 19:26:47,2019.10.24,第二週
79位,咒術師,Lazy夢,01:31.60,2019.10.24 01:08:44,2019.10.24,第二週
79位,氣功士,小艾希?,01:32.50,2019.10.23 19:18:33,2019.10.24,第二週
79位,燐劍士,和月折梨花,01:35.60,2019.10.24 01:30:12,2019.10.24,第二週
79位,力士,打完收工,02:51.50,2019.10.23 18:08:07,2019.10.24,第二週
79位,弓箭手,我若回頭不是撿寶就是逃跑,02:56.70,2019.10.23 11:46:23,2019.10.24,第二週
79位,槍擊士,雨過後的風景,02:59.60,2019.10.23 19:18:17,2019.10.24,第二週
80位,劍士,少年?,00:53.50,2019.10.23 23:28:22,2019.10.24,第二週
80位,拳士,Gofy,01:14.90,2019.10.23 17:21:25,2019.10.24,第二週
80位,召喚師,喵喵咻咻咻,01:15.80,2019.10.23 22:05:15,2019.10.24,第二週
80位,鬥士,你我他他,01:24.60,2019.10.23 12:41:16,2019.10.24,第二週
80位,咒術師,芙天,01:31.70,2019.10.24 01:02:00,2019.10.24,第二週
80位,氣功士,蘭月夜,01:33.10,2019.10.23 22:23:53,2019.10.24,第二週
80位,燐劍士,夜靜雨飄緲,01:37.20,2019.10.23 22:21:35,2019.10.24,第二週
80位,弓箭手,Ashura縭,02:57.50,2019.10.23 17:15:16,2019.10.24,第二週
80位,力士,吃我鼻屎,02:59.80,2019.10.23 19:39:40,2019.10.24,第二週
80位,槍擊士,旋律貝殼,03:04.90,2019.10.23 20:55:11,2019.10.24,第二週
81位,劍士,寧雨蝶?,00:53.70,2019.10.24 01:34:21,2019.10.24,第二週
81位,拳士,晚安貓,01:15.80,2019.10.23 20:57:52,2019.10.24,第二週
81位,召喚師,甜小芙,01:16.20,2019.10.24 01:17:34,2019.10.24,第二週
81位,鬥士,惡魔的幻影玩具刀,01:25.30,2019.10.23 17:20:31,2019.10.24,第二週
81位,咒術師,霜玥滿天,01:32.20,2019.10.23 18:43:28,2019.10.24,第二週
81位,氣功士,佐倉月,01:34.20,2019.10.23 16:35:28,2019.10.24,第二週
81位,燐劍士,七傑克,01:38.20,2019.10.23 17:00:44,2019.10.24,第二週
81位,弓箭手,淞?,02:57.80,2019.10.23 21:03:00,2019.10.24,第二週
81位,力士,絳小紅,03:02.60,2019.10.24 00:45:44,2019.10.24,第二週
82位,劍士,Cafe?Racer,00:53.90,2019.10.23 21:28:21,2019.10.24,第二週
82位,召喚師,果糖QvQ,01:16.70,2019.10.23 20:45:43,2019.10.24,第二週
82位,拳士,貧血拳士,01:16.90,2019.10.24 01:51:26,2019.10.24,第二週
82位,鬥士,?凜櫻,01:26.0,2019.10.24 00:51:27,2019.10.24,第二週
82位,咒術師,伊祁凜,01:32.40,2019.10.24 02:03:22,2019.10.24,第二週
82位,氣功士,Noway4you,01:36.90,2019.10.23 17:14:33,2019.10.24,第二週
82位,燐劍士,秋月千冬,01:41.50,2019.10.23 15:17:26,2019.10.24,第二週
82位,弓箭手,惡魔的魔鬼弓箭手,02:58.50,2019.10.23 14:49:24,2019.10.24,第二週
83位,劍士,燕刀雲,00:54.10,2019.10.23 16:33:44,2019.10.24,第二週
83位,拳士,Nazu?,01:17.40,2019.10.23 18:30:41,2019.10.24,第二週
83位,召喚師,一雪埜一,01:17.80,2019.10.23 20:55:56,2019.10.24,第二週
83位,鬥士,小舔田,01:26.30,2019.10.23 15:05:35,2019.10.24,第二週
83位,咒術師,妖影昧夜幻,01:33.80,2019.10.23 19:10:12,2019.10.24,第二週
83位,氣功士,蒙多一生,01:37.20,2019.10.23 18:59:06,2019.10.24,第二週
83位,燐劍士,Rin?Yuki,01:41.90,2019.10.23 19:04:06,2019.10.24,第二週
83位,弓箭手,宵憐雨,03:00.20,2019.10.23 21:51:50,2019.10.24,第二週
84位,劍士,慈孤觀音,00:54.30,2019.10.23 16:47:12,2019.10.24,第二週
84位,召喚師,燁瑀,01:18.40,2019.10.23 17:07:03,2019.10.24,第二週
84位,拳士,黑人小壞壞,01:19.0,2019.10.23 17:57:31,2019.10.24,第二週
84位,鬥士,小雨妮,01:26.80,2019.10.23 23:43:23,2019.10.24,第二週
84位,咒術師,看到我要尖叫一,01:34.10,2019.10.23 23:41:53,2019.10.24,第二週
84位,氣功士,業火之斑鳩,01:37.30,2019.10.24 01:23:34,2019.10.24,第二週
84位,燐劍士,??,01:43.20,2019.10.23 17:27:44,2019.10.24,第二週
84位,弓箭手,會疼的弓箭手,03:02.80,2019.10.23 20:40:58,2019.10.24,第二週
85位,劍士,夢拆心事?,00:54.70,2019.10.23 13:54:20,2019.10.24,第二週
85位,召喚師,滼?,01:18.60,2019.10.24 00:36:21,2019.10.24,第二週
85位,拳士,Oo山龍隱秀oO,01:19.10,2019.10.23 16:32:47,2019.10.24,第二週
85位,鬥士,跟咪嚕嚕一起騷,01:26.90,2019.10.23 23:42:31,2019.10.24,第二週
85位,咒術師,舞俏月,01:34.40,2019.10.24 01:36:01,2019.10.24,第二週
85位,氣功士,瑛夢?,01:37.50,2019.10.23 22:58:19,2019.10.24,第二週
85位,燐劍士,keisoo,01:43.40,2019.10.23 21:16:35,2019.10.24,第二週
85位,弓箭手,我決定插手妳的妊娠,03:04.10,2019.10.23 12:05:16,2019.10.24,第二週
86位,劍士,夢幻藍之戀,00:55.70,2019.10.23 15:58:33,2019.10.24,第二週
86位,拳士,艾莉絲貝爾,01:19.10,2019.10.23 18:49:25,2019.10.24,第二週
86位,召喚師,Mayonnaise?,01:20.80,2019.10.23 12:50:52,2019.10.24,第二週
86位,鬥士,重劍蒂娜,01:31.70,2019.10.23 19:18:58,2019.10.24,第二週
86位,咒術師,糖糖乂快樂,01:34.80,2019.10.24 02:14:03,2019.10.24,第二週
86位,氣功士,小羊?,01:38.0,2019.10.23 18:49:56,2019.10.24,第二週
86位,燐劍士,澄花?,01:45.20,2019.10.23 23:34:09,2019.10.24,第二週
87位,劍士,月舞星?,00:56.30,2019.10.23 21:57:13,2019.10.24,第二週
87位,拳士,左兒,01:20.80,2019.10.23 19:05:13,2019.10.24,第二週
87位,召喚師,蘇打餅?,01:21.70,2019.10.23 21:59:56,2019.10.24,第二週
87位,鬥士,小貞,01:32.60,2019.10.23 20:06:37,2019.10.24,第二週
87位,咒術師,夜來風雨笙,01:35.30,2019.10.23 12:55:54,2019.10.24,第二週
87位,氣功士,企鵝軟糖,01:38.0,2019.10.23 22:20:59,2019.10.24,第二週
87位,燐劍士,TACHIKO,01:46.10,2019.10.23 20:33:22,2019.10.24,第二週
88位,劍士,Sh0ws,00:56.40,2019.10.23 22:25:51,2019.10.24,第二週
88位,拳士,胖胖森,01:21.50,2019.10.23 17:09:09,2019.10.24,第二週
88位,召喚師,悅心光柔,01:22.10,2019.10.23 15:36:24,2019.10.24,第二週
88位,鬥士,飛花流雲,01:33.90,2019.10.23 15:39:34,2019.10.24,第二週
88位,咒術師,TimeLife,01:37.40,2019.10.23 13:36:23,2019.10.24,第二週
88位,氣功士,?晶晶,01:38.10,2019.10.23 22:24:36,2019.10.24,第二週
88位,燐劍士,三生永別,01:49.0,2019.10.23 14:03:56,2019.10.24,第二週
89位,劍士,赤熱,00:56.60,2019.10.23 19:09:09,2019.10.24,第二週
89位,召喚師,小葉喵,01:22.20,2019.10.23 20:01:46,2019.10.24,第二週
89位,拳士,狼王V?欲,01:22.70,2019.10.23 15:30:14,2019.10.24,第二週
89位,鬥士,柳月?,01:34.70,2019.10.23 23:18:53,2019.10.24,第二週
89位,咒術師,貪婪之手,01:37.50,2019.10.23 17:52:32,2019.10.24,第二週
89位,氣功士,鬼戀茶點,01:38.60,2019.10.23 18:40:52,2019.10.24,第二週
89位,燐劍士,川洵?,01:51.10,2019.10.23 22:40:09,2019.10.24,第二週
90位,劍士,?去?,00:56.70,2019.10.23 20:36:38,2019.10.24,第二週
90位,召喚師,貓貓小,01:22.30,2019.10.23 12:23:44,2019.10.24,第二週
90位,拳士,南凌筠,01:22.70,2019.10.23 20:33:41,2019.10.24,第二週
90位,鬥士,糖小沫,01:35.70,2019.10.23 16:49:06,2019.10.24,第二週
90位,咒術師,赤伊?鹿,01:38.20,2019.10.23 16:37:52,2019.10.24,第二週
90位,氣功士,北上大魔王,01:38.60,2019.10.23 19:04:14,2019.10.24,第二週
90位,燐劍士,?落世雨,01:54.70,2019.10.23 22:34:23,2019.10.24,第二週
91位,劍士,純情十香控,00:57.40,2019.10.23 18:21:54,2019.10.24,第二週
91位,召喚師,澄淨,01:22.70,2019.10.23 16:16:36,2019.10.24,第二週
91位,拳士,?爾貝德,01:23.50,2019.10.23 18:30:54,2019.10.24,第二週
91位,鬥士,樓蘭蘭?,01:37.30,2019.10.23 11:54:27,2019.10.24,第二週
91位,咒術師,味增?,01:39.20,2019.10.23 20:49:34,2019.10.24,第二週
91位,氣功士,新鮮的小鮮肉,01:39.50,2019.10.23 18:01:35,2019.10.24,第二週
91位,燐劍士,白喵劍,01:57.30,2019.10.23 23:26:33,2019.10.24,第二週
92位,劍士,隨心所欲?,00:57.70,2019.10.23 22:11:50,2019.10.24,第二週
92位,召喚師,啟示錄摩亞,01:22.80,2019.10.24 02:00:52,2019.10.24,第二週
92位,拳士,征風,01:24.0,2019.10.23 17:56:03,2019.10.24,第二週
92位,鬥士,燁武?,01:38.10,2019.10.23 12:01:41,2019.10.24,第二週
92位,咒術師,小樂高z,01:39.40,2019.10.23 21:57:37,2019.10.24,第二週
92位,氣功士,那不是我朋友阿,01:39.70,2019.10.23 19:19:22,2019.10.24,第二週
92位,燐劍士,一維力炸醬麵一,01:58.0,2019.10.23 18:38:20,2019.10.24,第二週
93位,劍士,紅茶豆漿?,00:58.30,2019.10.24 00:00:59,2019.10.24,第二週
93位,召喚師,咖啡子,01:23.50,2019.10.23 21:05:16,2019.10.24,第二週
93位,拳士,黑鴉,01:24.50,2019.10.23 19:50:18,2019.10.24,第二週
93位,鬥士,你的微笑絢爛花季,01:38.10,2019.10.23 23:09:45,2019.10.24,第二週
93位,咒術師,鮮味炒手,01:42.0,2019.10.23 16:15:24,2019.10.24,第二週
93位,氣功士,芝麻糬,01:42.30,2019.10.23 23:24:46,2019.10.24,第二週
93位,燐劍士,軒轅音,02:02.50,2019.10.23 23:25:02,2019.10.24,第二週
94位,劍士,新亭侯,00:58.80,2019.10.23 23:30:47,2019.10.24,第二週
94位,召喚師,傲嬌惡魔的洋娃娃?,01:23.70,2019.10.24 01:24:34,2019.10.24,第二週
94位,拳士,殺人蜂他哥,01:26.0,2019.10.23 23:33:18,2019.10.24,第二週
94位,鬥士,草泥喵,01:39.80,2019.10.23 21:06:06,2019.10.24,第二週
94位,咒術師,東堂寺,01:42.40,2019.10.23 13:59:21,2019.10.24,第二週
94位,氣功士,風蕓玥,01:43.40,2019.10.23 22:07:23,2019.10.24,第二週
94位,燐劍士,?絮語循聲,02:02.90,2019.10.23 22:59:56,2019.10.24,第二週
95位,劍士,珞聆依,00:59.0,2019.10.23 15:00:51,2019.10.24,第二週
95位,召喚師,我只是一個悠閒玩家,01:24.70,2019.10.23 15:32:35,2019.10.24,第二週
95位,拳士,Ronin非夜,01:26.30,2019.10.23 22:56:07,2019.10.24,第二週
95位,鬥士,腐川澪姬,01:40.40,2019.10.23 23:42:59,2019.10.24,第二週
95位,咒術師,今天晚餐吃什麼,01:43.50,2019.10.23 16:43:00,2019.10.24,第二週
95位,氣功士,紅油?辣椒,01:43.90,2019.10.23 22:09:12,2019.10.24,第二週
95位,燐劍士,?往事?可回首,02:03.30,2019.10.23 20:07:38,2019.10.24,第二週
96位,劍士,菜桃貴,00:59.0,2019.10.24 01:47:54,2019.10.24,第二週
96位,召喚師,貓蜜蜜,01:25.50,2019.10.23 18:18:22,2019.10.24,第二週
96位,拳士,Chu?廢料棒,01:28.0,2019.10.23 16:51:03,2019.10.24,第二週
96位,鬥士,天橋下念佛經的,01:43.10,2019.10.23 15:55:03,2019.10.24,第二週
96位,咒術師,看珊曉,01:44.0,2019.10.23 18:56:02,2019.10.24,第二週
96位,氣功士,嫣華?,01:44.60,2019.10.23 20:38:18,2019.10.24,第二週
96位,燐劍士,哈達喵OuO,02:04.30,2019.10.23 23:11:40,2019.10.24,第二週
97位,劍士,無盡的雨,00:59.40,2019.10.23 20:03:09,2019.10.24,第二週
97位,召喚師,鬱夏?,01:26.20,2019.10.23 19:01:54,2019.10.24,第二週
97位,拳士,嘎B?,01:31.10,2019.10.23 18:52:36,2019.10.24,第二週
97位,咒術師,豬伍花肉,01:44.10,2019.10.23 12:57:20,2019.10.24,第二週
97位,鬥士,我的一個鬥士朋友,01:44.40,2019.10.23 12:53:41,2019.10.24,第二週
97位,氣功士,清晰,01:44.70,2019.10.23 14:16:40,2019.10.24,第二週
97位,燐劍士,o里化安o,02:04.80,2019.10.24 02:05:08,2019.10.24,第二週
98位,劍士,云淡?,00:59.60,2019.10.23 11:54:37,2019.10.24,第二週
98位,召喚師,冷雪靜,01:26.50,2019.10.23 18:48:11,2019.10.24,第二週
98位,拳士,小早川凜子,01:33.50,2019.10.24 03:44:48,2019.10.24,第二週
98位,咒術師,玨琳,01:44.40,2019.10.23 19:41:46,2019.10.24,第二週
98位,鬥士,?苑,01:44.70,2019.10.23 21:10:24,2019.10.24,第二週
98位,氣功士,昭妍,01:45.80,2019.10.23 13:06:43,2019.10.24,第二週
98位,燐劍士,布丁o冰冰,02:06.0,2019.10.23 15:06:30,2019.10.24,第二週
99位,劍士,牛娃,00:59.70,2019.10.23 21:22:08,2019.10.24,第二週
99位,召喚師,abiau,01:26.60,2019.10.24 02:27:59,2019.10.24,第二週
99位,拳士,花狐蝶,01:34.10,2019.10.23 18:50:25,2019.10.24,第二週
99位,咒術師,心小弦,01:44.50,2019.10.23 21:11:13,2019.10.24,第二週
99位,鬥士,Ranfun,01:45.20,2019.10.23 19:28:25,2019.10.24,第二週
99位,氣功士,NyoQQ,01:47.90,2019.10.23 17:33:53,2019.10.24,第二週
99位,燐劍士,?又暖,02:12.70,2019.10.23 19:22:50,2019.10.24,第二週
100位,劍士,Relaxcat,01:01.50,2019.10.23 23:46:42,2019.10.24,第二週
100位,召喚師,銅記黃絲打,01:27.50,2019.10.24 02:29:02,2019.10.24,第二週
100位,拳士,金卡法,01:35.70,2019.10.24 02:58:40,2019.10.24,第二週
100位,咒術師,嚥腐,01:45.0,2019.10.24 02:25:27,2019.10.24,第二週
100位,鬥士,小LE,01:45.50,2019.10.23 20:06:07,2019.10.24,第二週
100位,氣功士,唬爛神棍送七粒,01:48.30,2019.10.23 14:15:02,2019.10.24,第二週
100位,燐劍士,櫻花?御瘋樓主,02:12.80,2019.10.23 23:21:40,2019.10.24,第二週
101位,劍士,iM?潘,01:01.60,2019.10.23 22:09:55,2019.10.24,第二週
101位,召喚師,Oo兔小u,01:28.10,2019.10.24 01:10:33,2019.10.24,第二週
101位,拳士,瓦片,01:35.90,2019.10.23 23:01:16,2019.10.24,第二週
101位,鬥士,梅爾布基,01:45.70,2019.10.23 20:41:57,2019.10.24,第二週
101位,咒術師,利姆路?,01:46.80,2019.10.23 12:37:46,2019.10.24,第二週
101位,氣功士,久悠,01:48.30,2019.10.24 00:07:25,2019.10.24,第二週
101位,燐劍士,璀光,02:12.90,2019.10.23 21:19:50,2019.10.24,第二週
102位,劍士,XiangA,01:02.20,2019.10.23 20:17:11,2019.10.24,第二週
102位,召喚師,詔幻屍,01:28.50,2019.10.23 20:08:13,2019.10.24,第二週
102位,拳士,Ts??,01:36.70,2019.10.23 22:11:42,2019.10.24,第二週
102位,鬥士,ApHrodiTe?愛,01:47.20,2019.10.24 04:57:12,2019.10.24,第二週
102位,咒術師,霓裳羽衣曲為你歌舞,01:49.10,2019.10.24 01:20:45,2019.10.24,第二週
102位,氣功士,予彤,01:51.20,2019.10.23 22:15:03,2019.10.24,第二週
102位,燐劍士,像落葉般墮落,02:17.90,2019.10.23 20:23:17,2019.10.24,第二週
103位,劍士,雪亞兒,01:02.40,2019.10.23 19:29:36,2019.10.24,第二週
103位,召喚師,天天兒?,01:32.10,2019.10.24 03:27:54,2019.10.24,第二週
103位,拳士,詠春,01:37.60,2019.10.23 22:45:54,2019.10.24,第二週
103位,鬥士,夜晨霄,01:47.60,2019.10.23 18:56:53,2019.10.24,第二週
103位,咒術師,虣啼,01:49.30,2019.10.23 18:00:24,2019.10.24,第二週
103位,氣功士,賑早見琥珀主白龍,01:51.40,2019.10.23 11:46:20,2019.10.24,第二週
103位,燐劍士,Sweet?墨城,02:18.30,2019.10.23 13:41:18,2019.10.24,第二週
104位,劍士,??,01:03.0,2019.10.23 23:05:11,2019.10.24,第二週
104位,召喚師,星幻貓皇,01:33.10,2019.10.23 13:35:15,2019.10.24,第二週
104位,拳士,秦亦嵐,01:38.80,2019.10.23 21:01:12,2019.10.24,第二週
104位,鬥士,水蠻牛?金智秀,01:48.50,2019.10.23 19:26:27,2019.10.24,第二週
104位,咒術師,白靈月,01:51.60,2019.10.23 17:39:56,2019.10.24,第二週
104位,氣功士,羽玲玲,01:52.40,2019.10.23 23:56:06,2019.10.24,第二週
104位,燐劍士,灰夜Bar,02:22.30,2019.10.23 22:40:34,2019.10.24,第二週
105位,劍士,藍雪花,01:03.0,2019.10.23 23:22:34,2019.10.24,第二週
105位,召喚師,蓮生三十二,01:35.0,2019.10.24 00:40:47,2019.10.24,第二週
105位,拳士,雁綾,01:40.50,2019.10.24 00:30:49,2019.10.24,第二週
105位,鬥士,諾唯姆,01:49.80,2019.10.23 20:20:46,2019.10.24,第二週
105位,咒術師,沃布斯?胖胖,01:52.50,2019.10.23 21:58:12,2019.10.24,第二週
105位,氣功士,灼烈,01:54.20,2019.10.23 23:18:45,2019.10.24,第二週
105位,燐劍士,?米妮,02:23.20,2019.10.23 18:44:21,2019.10.24,第二週
106位,劍士,楊穎,01:03.10,2019.10.23 18:17:41,2019.10.24,第二週
106位,召喚師,狸安,01:35.10,2019.10.23 20:00:26,2019.10.24,第二週
106位,拳士,一本燙一,01:41.10,2019.10.23 18:22:11,2019.10.24,第二週
106位,鬥士,草莓教主,01:51.40,2019.10.24 00:17:03,2019.10.24,第二週
106位,氣功士,髮珂兒,01:55.40,2019.10.23 23:52:30,2019.10.24,第二週
106位,咒術師,半夜沒事做,01:56.0,2019.10.24 02:21:14,2019.10.24,第二週
106位,燐劍士,娜塔貝菈,02:24.70,2019.10.23 22:29:09,2019.10.24,第二週
107位,劍士,含羞小草,01:03.20,2019.10.23 11:32:02,2019.10.24,第二週
107位,召喚師,要吃水果,01:35.30,2019.10.23 23:35:32,2019.10.24,第二週
107位,拳士,妤花,01:42.0,2019.10.23 17:15:27,2019.10.24,第二週
107位,鬥士,井澤靜江,01:52.70,2019.10.23 12:15:57,2019.10.24,第二週
107位,咒術師,紫風戀語,01:56.40,2019.10.24 00:44:50,2019.10.24,第二週
107位,氣功士,Ching秋,01:56.60,2019.10.24 00:43:00,2019.10.24,第二週
107位,燐劍士,右奶,02:28.20,2019.10.24 02:57:24,2019.10.24,第二週
108位,劍士,彤御,01:03.40,2019.10.23 17:59:15,2019.10.24,第二週
108位,召喚師,科列斯,01:37.20,2019.10.23 17:43:20,2019.10.24,第二週
108位,拳士,有事掀乃造,01:44.30,2019.10.23 15:51:42,2019.10.24,第二週
108位,鬥士,葡萄牛奶?,01:53.30,2019.10.23 21:28:12,2019.10.24,第二週
108位,咒術師,胖胖的抖宅?,01:56.80,2019.10.23 21:32:25,2019.10.24,第二週
108位,氣功士,克拉拉,01:59.30,2019.10.23 18:25:50,2019.10.24,第二週
108位,燐劍士,?夏棠,02:29.20,2019.10.23 19:50:50,2019.10.24,第二週
109位,劍士,燕凌艽,01:03.70,2019.10.23 18:58:18,2019.10.24,第二週
109位,召喚師,翾綾,01:37.70,2019.10.23 21:11:32,2019.10.24,第二週
109位,拳士,Lycozin,01:45.50,2019.10.23 20:32:00,2019.10.24,第二週
109位,鬥士,滾?,01:53.50,2019.10.23 21:10:43,2019.10.24,第二週
109位,氣功士,方方fang,01:59.90,2019.10.23 21:01:55,2019.10.24,第二週
109位,咒術師,樂樂寶寶,02:00.30,2019.10.23 20:52:14,2019.10.24,第二週
109位,燐劍士,舊夢流連萬卷?,02:29.30,2019.10.23 20:29:03,2019.10.24,第二週
110位,劍士,X10A自由,01:04.40,2019.10.23 22:58:45,2019.10.24,第二週
110位,召喚師,蛋撻大人,01:39.60,2019.10.23 15:26:14,2019.10.24,第二週
110位,拳士,三生芙蓉月雨蟹黃煲,01:46.90,2019.10.23 20:03:46,2019.10.24,第二週
110位,鬥士,清栩,01:53.90,2019.10.23 12:56:49,2019.10.24,第二週
110位,咒術師,謝文東,02:02.70,2019.10.23 17:13:19,2019.10.24,第二週
110位,氣功士,華殃,02:04.0,2019.10.24 00:51:15,2019.10.24,第二週
110位,燐劍士,唯唯醬,02:29.50,2019.10.24 03:58:06,2019.10.24,第二週
111位,劍士,廁所裡掛時鐘才有屎有鐘,01:04.50,2019.10.23 18:50:35,2019.10.24,第二週
111位,召喚師,冰芙小瑤,01:40.30,2019.10.23 14:37:21,2019.10.24,第二週
111位,拳士,戰鬥兔女狼,01:47.50,2019.10.23 18:45:06,2019.10.24,第二週
111位,鬥士,櫻汐,01:54.80,2019.10.24 02:06:25,2019.10.24,第二週
111位,氣功士,雪舞藍天,02:05.40,2019.10.24 01:34:22,2019.10.24,第二週
111位,咒術師,涼蒔?,02:05.60,2019.10.24 04:33:26,2019.10.24,第二週
111位,燐劍士,DejavuX,02:31.40,2019.10.24 00:54:47,2019.10.24,第二週
112位,劍士,諸葛豆,01:05.10,2019.10.23 20:10:30,2019.10.24,第二週
112位,召喚師,兔奴奴?,01:40.40,2019.10.23 19:33:52,2019.10.24,第二週
112位,拳士,顏離馨,01:50.10,2019.10.23 22:19:45,2019.10.24,第二週
112位,鬥士,莖嫌重,01:54.90,2019.10.23 18:38:46,2019.10.24,第二週
112位,氣功士,冥鏡琉,02:05.60,2019.10.23 17:46:32,2019.10.24,第二週
112位,咒術師,onep1ece,02:06.0,2019.10.23 17:43:03,2019.10.24,第二週
112位,燐劍士,老爹?,02:36.10,2019.10.23 17:44:04,2019.10.24,第二週
113位,劍士,風月飄零,01:05.10,2019.10.24 01:44:07,2019.10.24,第二週
113位,召喚師,陸悌共,01:41.70,2019.10.24 02:49:21,2019.10.24,第二週
113位,鬥士,扉?,01:56.0,2019.10.23 12:21:51,2019.10.24,第二週
113位,拳士,拳霸劍靈,01:57.20,2019.10.23 16:20:24,2019.10.24,第二週
113位,咒術師,莯蒔,02:06.70,2019.10.24 02:15:51,2019.10.24,第二週
113位,氣功士,舞沄,02:07.60,2019.10.24 00:41:25,2019.10.24,第二週
113位,燐劍士,Altamir,02:36.50,2019.10.23 18:18:13,2019.10.24,第二週
114位,劍士,芽雨,01:05.40,2019.10.24 04:19:15,2019.10.24,第二週
114位,召喚師,夏寧兒?,01:44.10,2019.10.23 18:50:38,2019.10.24,第二週
114位,鬥士,退休村長,01:56.20,2019.10.24 01:21:43,2019.10.24,第二週
114位,拳士,Ritalina,01:57.60,2019.10.23 23:59:33,2019.10.24,第二週
114位,咒術師,熾燄羽,02:07.60,2019.10.23 20:40:10,2019.10.24,第二週
114位,氣功士,舞妍雪,02:07.90,2019.10.23 22:13:38,2019.10.24,第二週
114位,燐劍士,飛揚意氣追惆悵,02:37.10,2019.10.23 23:13:18,2019.10.24,第二週
115位,劍士,醉?蝶,01:05.80,2019.10.23 23:07:43,2019.10.24,第二週
115位,召喚師,Nkfust冰,01:44.10,2019.10.23 18:52:57,2019.10.24,第二週
115位,鬥士,務實,01:57.50,2019.10.23 12:51:30,2019.10.24,第二週
115位,拳士,x多多綠x,01:58.50,2019.10.23 15:28:29,2019.10.24,第二週
115位,咒術師,苾露卡,02:08.30,2019.10.23 20:59:03,2019.10.24,第二週
115位,氣功士,以燐擊石,02:08.80,2019.10.23 20:31:45,2019.10.24,第二週
115位,燐劍士,血豆PHi,02:38.0,2019.10.23 21:16:08,2019.10.24,第二週
116位,劍士,我的名字是秘密QAQ,01:06.0,2019.10.23 20:57:11,2019.10.24,第二週
116位,召喚師,蹦蹦兔?,01:44.30,2019.10.23 22:45:50,2019.10.24,第二週
116位,拳士,瓔雨,01:58.80,2019.10.23 20:06:17,2019.10.24,第二週
116位,鬥士,一起一起這裡那裡,01:58.90,2019.10.23 19:51:18,2019.10.24,第二週
116位,咒術師,亞絲娜桐人物語,02:08.50,2019.10.23 23:51:56,2019.10.24,第二週
116位,氣功士,晴祤冰妡,02:11.0,2019.10.24 01:38:28,2019.10.24,第二週
116位,燐劍士,我叫沅小飛,02:38.60,2019.10.23 11:43:18,2019.10.24,第二週
117位,劍士,颯神x哲,01:07.0,2019.10.24 03:13:36,2019.10.24,第二週
117位,召喚師,蒸糕貓,01:44.60,2019.10.24 00:25:45,2019.10.24,第二週
117位,鬥士,雨玥?,01:58.90,2019.10.23 21:12:22,2019.10.24,第二週
117位,拳士,春分的夜,02:05.80,2019.10.23 23:51:49,2019.10.24,第二週
117位,氣功士,?落落,02:12.30,2019.10.23 19:22:59,2019.10.24,第二週
117位,咒術師,沐語?,02:14.30,2019.10.23 23:10:33,2019.10.24,第二週
117位,燐劍士,??,02:38.60,2019.10.23 21:07:23,2019.10.24,第二週
118位,劍士,o東城x刃更o,01:07.10,2019.10.23 18:56:46,2019.10.24,第二週
118位,召喚師,Thisder,01:45.60,2019.10.23 13:20:08,2019.10.24,第二週
118位,鬥士,海賊小肚兜,01:59.10,2019.10.24 01:14:59,2019.10.24,第二週
118位,拳士,DemonDoctorX,02:06.90,2019.10.23 16:22:37,2019.10.24,第二週
118位,氣功士,墨髏,02:12.30,2019.10.23 23:07:15,2019.10.24,第二週
118位,咒術師,BLiood,02:15.20,2019.10.23 21:56:37,2019.10.24,第二週
118位,燐劍士,輕風暮雪,02:40.50,2019.10.23 17:55:09,2019.10.24,第二週
119位,劍士,西施繽狼,01:07.30,2019.10.24 00:03:06,2019.10.24,第二週
119位,召喚師,小莓魚?,01:46.30,2019.10.23 20:07:52,2019.10.24,第二週
119位,鬥士,青?如卿,01:59.90,2019.10.24 04:12:23,2019.10.24,第二週
119位,拳士,午飯時光,02:07.30,2019.10.23 11:50:38,2019.10.24,第二週
119位,氣功士,獵殺星期一,02:14.80,2019.10.23 21:08:37,2019.10.24,第二週
119位,咒術師,一維力一,02:16.50,2019.10.23 17:15:22,2019.10.24,第二週
119位,燐劍士,喵喵歐蕾OwO,02:40.60,2019.10.24 00:33:16,2019.10.24,第二週
120位,劍士,白川鈴,01:07.40,2019.10.24 01:33:11,2019.10.24,第二週
120位,召喚師,長洲糯米?,01:48.60,2019.10.23 19:14:55,2019.10.24,第二週
120位,鬥士,?哆啦A??,02:01.20,2019.10.23 12:11:20,2019.10.24,第二週
120位,拳士,龍霏艷,02:09.90,2019.10.24 00:10:19,2019.10.24,第二週
120位,氣功士,靈小光,02:15.20,2019.10.24 00:06:09,2019.10.24,第二週
120位,咒術師,熙比?,02:17.10,2019.10.23 13:28:46,2019.10.24,第二週
120位,燐劍士,清月流風,02:40.80,2019.10.23 22:11:34,2019.10.24,第二週
121位,劍士,曦玥芷,01:07.60,2019.10.23 21:01:49,2019.10.24,第二週
121位,召喚師,waterbobo,01:52.30,2019.10.23 16:50:42,2019.10.24,第二週
121位,鬥士,BrotherInLaw,02:02.80,2019.10.23 23:28:26,2019.10.24,第二週
121位,拳士,瑩瑩子,02:11.20,2019.10.23 19:52:53,2019.10.24,第二週
121位,氣功士,lilyOWO,02:15.60,2019.10.23 22:23:16,2019.10.24,第二週
121位,咒術師,傾汐,02:17.30,2019.10.23 19:11:40,2019.10.24,第二週
121位,燐劍士,?大寒無雪?,02:41.0,2019.10.23 17:56:46,2019.10.24,第二週
122位,劍士,Oran一橘子,01:08.0,2019.10.24 00:50:20,2019.10.24,第二週
122位,召喚師,YJTRUELOVE,01:52.70,2019.10.23 12:03:06,2019.10.24,第二週
122位,鬥士,豹宥,02:03.0,2019.10.23 22:49:16,2019.10.24,第二週
122位,拳士,傻氣a咩,02:13.50,2019.10.24 02:08:48,2019.10.24,第二週
122位,氣功士,夜靈筠,02:16.70,2019.10.23 23:31:48,2019.10.24,第二週
122位,咒術師,Candice?,02:18.10,2019.10.24 00:58:37,2019.10.24,第二週
122位,燐劍士,Xiamu,02:41.20,2019.10.23 23:06:08,2019.10.24,第二週
123位,劍士,幻蝶紛飛,01:08.10,2019.10.23 18:31:16,2019.10.24,第二週
123位,召喚師,阿孃薇,01:52.80,2019.10.24 00:49:02,2019.10.24,第二週
123位,鬥士,Dakunesu,02:06.30,2019.10.23 20:10:20,2019.10.24,第二週
123位,拳士,Le?Malin,02:13.70,2019.10.23 20:54:07,2019.10.24,第二週
123位,氣功士,奶控,02:17.50,2019.10.23 12:19:36,2019.10.24,第二週
123位,咒術師,艾妮艾雅,02:22.50,2019.10.24 00:29:21,2019.10.24,第二週
123位,燐劍士,天上一朵雲,02:41.40,2019.10.24 00:18:40,2019.10.24,第二週
124位,劍士,妃?,01:08.30,2019.10.23 18:33:31,2019.10.24,第二週
124位,召喚師,Watermelon澄,01:54.90,2019.10.24 01:49:31,2019.10.24,第二週
124位,鬥士,醉雲煙,02:06.70,2019.10.24 03:05:59,2019.10.24,第二週
124位,拳士,o花瓶o,02:14.90,2019.10.23 12:02:51,2019.10.24,第二週
124位,氣功士,蘇菲緹雅,02:17.70,2019.10.23 14:14:51,2019.10.24,第二週
124位,咒術師,Ekeyo,02:22.60,2019.10.24 02:43:30,2019.10.24,第二週
124位,燐劍士,社?倪大?,02:44.10,2019.10.23 19:45:13,2019.10.24,第二週
125位,劍士,一I神夜I一,01:08.30,2019.10.23 23:55:53,2019.10.24,第二週
125位,召喚師,狗肉罐頭,01:55.70,2019.10.23 22:32:18,2019.10.24,第二週
125位,鬥士,是小魚啊?,02:06.80,2019.10.23 12:44:40,2019.10.24,第二週
125位,拳士,杏玉拳師,02:14.90,2019.10.23 20:59:55,2019.10.24,第二週
125位,氣功士,Milk小寶?,02:20.0,2019.10.23 15:44:49,2019.10.24,第二週
125位,咒術師,落葉煙,02:27.40,2019.10.24 03:05:27,2019.10.24,第二週
125位,燐劍士,睦華,02:44.60,2019.10.23 21:40:07,2019.10.24,第二週
126位,劍士,東貳哥,01:08.90,2019.10.23 22:31:12,2019.10.24,第二週
126位,召喚師,迷雅MiA,01:56.30,2019.10.23 17:51:49,2019.10.24,第二週
126位,鬥士,布茲,02:06.80,2019.10.23 23:27:02,2019.10.24,第二週
126位,拳士,易子空,02:15.80,2019.10.23 18:49:37,2019.10.24,第二週
126位,氣功士,灼念?,02:23.70,2019.10.23 16:29:54,2019.10.24,第二週
126位,咒術師,涵兒?,02:27.60,2019.10.23 20:49:57,2019.10.24,第二週
126位,燐劍士,HeavyCandy,02:48.40,2019.10.23 20:00:12,2019.10.24,第二週
127位,劍士,舞亞,01:09.0,2019.10.23 19:11:29,2019.10.24,第二週
127位,召喚師,九妹?,01:56.30,2019.10.24 02:50:53,2019.10.24,第二週
127位,鬥士,殺一是罪屠萬為雄,02:08.60,2019.10.24 04:36:21,2019.10.24,第二週
127位,拳士,秘茶,02:16.50,2019.10.24 02:09:22,2019.10.24,第二週
127位,氣功士,月?芯璃,02:23.90,2019.10.24 01:28:53,2019.10.24,第二週
127位,咒術師,檸檬莓果子,02:33.30,2019.10.23 23:52:13,2019.10.24,第二週
127位,燐劍士,沐輕雲,02:49.10,2019.10.23 23:01:31,2019.10.24,第二週
128位,劍士,Servine,01:09.10,2019.10.23 16:03:07,2019.10.24,第二週
128位,召喚師,涵璐,01:57.20,2019.10.23 19:43:26,2019.10.24,第二週
128位,鬥士,ScarletChain,02:08.70,2019.10.24 02:36:32,2019.10.24,第二週
128位,拳士,司芸,02:18.10,2019.10.23 11:34:21,2019.10.24,第二週
128位,氣功士,一夜飛渡鏡湖月,02:25.20,2019.10.23 23:57:39,2019.10.24,第二週
128位,咒術師,愛緋雅,02:35.30,2019.10.23 18:46:30,2019.10.24,第二週
128位,燐劍士,NoelKelais,02:52.70,2019.10.23 16:16:19,2019.10.24,第二週
129位,劍士,玻璃芯?球,01:09.50,2019.10.23 19:17:30,2019.10.24,第二週
129位,召喚師,樂小布v,01:57.20,2019.10.23 22:57:58,2019.10.24,第二週
129位,鬥士,嚕嚕喵嗚,02:09.0,2019.10.24 02:03:38,2019.10.24,第二週
129位,拳士,沿海地帶,02:19.30,2019.10.23 19:32:03,2019.10.24,第二週
129位,氣功士,o小豆釘o,02:25.40,2019.10.23 13:04:20,2019.10.24,第二週
129位,咒術師,雷小音,02:36.0,2019.10.23 23:53:32,2019.10.24,第二週
129位,燐劍士,?春江花月夜?,02:52.90,2019.10.24 01:23:05,2019.10.24,第二週
130位,劍士,青春正當?,01:09.90,2019.10.23 12:36:47,2019.10.24,第二週
130位,召喚師,黃恰比,01:57.30,2019.10.24 05:27:30,2019.10.24,第二週
130位,鬥士,寒煦,02:09.10,2019.10.24 00:04:20,2019.10.24,第二週
130位,拳士,無奈的狼來啦,02:20.30,2019.10.23 19:01:59,2019.10.24,第二週
130位,氣功士,妍情,02:29.40,2019.10.23 11:46:14,2019.10.24,第二週
130位,咒術師,AdorkbLE?瑩,02:36.80,2019.10.24 02:19:52,2019.10.24,第二週
130位,燐劍士,Sirzachs,02:55.50,2019.10.23 14:47:04,2019.10.24,第二週
131位,劍士,鬼玥煌,01:10.40,2019.10.23 23:20:38,2019.10.24,第二週
131位,召喚師,超人水裡游,01:57.70,2019.10.24 00:14:47,2019.10.24,第二週
131位,鬥士,二逗,02:11.40,2019.10.23 12:26:11,2019.10.24,第二週
131位,拳士,依憐,02:20.90,2019.10.23 22:47:00,2019.10.24,第二週
131位,氣功士,ChinnYeu?柔,02:29.60,2019.10.23 17:13:17,2019.10.24,第二週
131位,咒術師,嵐岫,02:38.30,2019.10.23 19:35:42,2019.10.24,第二週
131位,燐劍士,小鳳才不好吃QHQ,03:00.20,2019.10.23 22:40:43,2019.10.24,第二週
132位,劍士,覺醒乾烹雞,01:10.50,2019.10.23 12:09:54,2019.10.24,第二週
132位,召喚師,橘焰琥珀,02:00.90,2019.10.23 22:07:37,2019.10.24,第二週
132位,鬥士,洛格亞,02:11.70,2019.10.24 00:55:36,2019.10.24,第二週
132位,拳士,妮矓,02:21.50,2019.10.23 20:12:56,2019.10.24,第二週
132位,氣功士,久未放晴的天空?,02:30.60,2019.10.23 20:01:33,2019.10.24,第二週
132位,咒術師,馬啼聲,02:41.90,2019.10.23 22:37:10,2019.10.24,第二週
132位,燐劍士,天??,03:02.70,2019.10.23 14:26:38,2019.10.24,第二週
133位,劍士,大麻合法化,01:11.0,2019.10.23 20:34:33,2019.10.24,第二週
133位,召喚師,貓娃兒,02:01.10,2019.10.23 20:26:02,2019.10.24,第二週
133位,鬥士,SRx綾乃,02:12.20,2019.10.23 19:23:10,2019.10.24,第二週
133位,拳士,羅洛,02:25.50,2019.10.23 22:28:34,2019.10.24,第二週
133位,氣功士,芽雨喵,02:31.50,2019.10.23 22:28:57,2019.10.24,第二週
133位,咒術師,晴雨惜,02:42.50,2019.10.23 11:42:22,2019.10.24,第二週
134位,劍士,煙花?慕雨,01:11.10,2019.10.23 20:07:43,2019.10.24,第二週
134位,召喚師,可米叉燒包,02:02.40,2019.10.24 01:56:23,2019.10.24,第二週
134位,鬥士,易子寅,02:12.90,2019.10.24 02:00:16,2019.10.24,第二週
134位,拳士,一艾默一,02:26.60,2019.10.23 20:20:38,2019.10.24,第二週
134位,氣功士,寒江孤舟,02:37.80,2019.10.23 19:09:14,2019.10.24,第二週
134位,咒術師,?月,02:43.50,2019.10.23 22:45:38,2019.10.24,第二週
135位,劍士,台灣夯蕃薯,01:11.40,2019.10.23 19:46:17,2019.10.24,第二週
135位,召喚師,心疼??,02:04.70,2019.10.23 20:44:56,2019.10.24,第二週
135位,鬥士,鬥靈小壞壞,02:13.20,2019.10.23 17:50:37,2019.10.24,第二週
135位,拳士,龍疾,02:27.40,2019.10.23 17:03:34,2019.10.24,第二週
135位,氣功士,君練央,02:38.40,2019.10.23 18:45:26,2019.10.24,第二週
135位,咒術師,我是大?蛋,02:45.70,2019.10.23 22:24:50,2019.10.24,第二週
