1位,召喚師,?小肥蜂,00:06.20,2019.10.16 19:14:50,2019.10.22,第一週
1位,劍士,恍惚?,00:06.80,2019.10.19 00:25:53,2019.10.22,第一週
1位,弓箭手,未羽?,00:07.50,2019.10.19 21:29:54,2019.10.22,第一週
1位,氣功士,銀鍠朱武?,00:08.90,2019.10.21 10:13:18,2019.10.22,第一週
1位,鬥士,豆子?,00:10.70,2019.10.19 16:20:19,2019.10.22,第一週
1位,燐劍士,翻滾喵,00:11.0,2019.10.20 03:51:41,2019.10.22,第一週
1位,拳士,喧嘩,00:11.20,2019.10.17 10:07:37,2019.10.22,第一週
1位,咒術師,小心我丟你,00:12.10,2019.10.21 20:03:03,2019.10.22,第一週
1位,槍擊士,浮雲?,00:14.70,2019.10.17 04:59:13,2019.10.22,第一週
1位,力士,?小肥黑,00:14.80,2019.10.16 21:22:48,2019.10.22,第一週
1位,刺客,浮生若夢?影,00:20.80,2019.10.20 12:29:34,2019.10.22,第一週
1位,乾坤士,不如獨樂,00:28.30,2019.10.21 23:59:23,2019.10.22,第一週
2位,劍士,麟鳳璇璣,00:08.50,2019.10.18 18:21:56,2019.10.22,第一週
2位,弓箭手,漓晞,00:10.20,2019.10.21 01:25:23,2019.10.22,第一週
2位,鬥士,洛碧虛,00:11.40,2019.10.22 00:44:38,2019.10.22,第一週
2位,拳士,?那個澄,00:11.60,2019.10.20 07:17:32,2019.10.22,第一週
2位,氣功士,芷芸?,00:12.10,2019.10.21 19:04:37,2019.10.22,第一週
2位,咒術師,?驀回首,00:12.70,2019.10.16 17:32:04,2019.10.22,第一週
2位,燐劍士,喬寶?,00:13.50,2019.10.17 01:30:56,2019.10.22,第一週
2位,召喚師,米勒?,00:13.60,2019.10.18 15:27:02,2019.10.22,第一週
2位,槍擊士,古洛,00:17.30,2019.10.16 15:13:16,2019.10.22,第一週
2位,力士,妃?,00:20.70,2019.10.16 13:39:20,2019.10.22,第一週
2位,刺客,米薩村,00:23.10,2019.10.19 04:25:23,2019.10.22,第一週
2位,乾坤士,?莓果戀,00:29.20,2019.10.20 13:25:24,2019.10.22,第一週
3位,劍士,葛清霏,00:09.30,2019.10.19 13:37:12,2019.10.22,第一週
3位,鬥士,?波克比,00:11.80,2019.10.16 11:47:34,2019.10.22,第一週
3位,拳士,錫蘭,00:12.10,2019.10.17 00:04:14,2019.10.22,第一週
3位,氣功士,?滴滴,00:12.70,2019.10.16 21:08:12,2019.10.22,第一週
3位,弓箭手,半夏?冰淇淋,00:12.80,2019.10.18 04:39:10,2019.10.22,第一週
3位,咒術師,侜張,00:14.70,2019.10.17 21:20:07,2019.10.22,第一週
3位,召喚師,闇扉,00:15.80,2019.10.18 04:23:21,2019.10.22,第一週
3位,燐劍士,?蓋歐卡,00:16.30,2019.10.21 19:00:32,2019.10.22,第一週
3位,槍擊士,Woof?,00:17.50,2019.10.18 06:26:42,2019.10.22,第一週
3位,力士,八月中秋山林涼,00:22.30,2019.10.18 13:30:50,2019.10.22,第一週
3位,刺客,?變隱龍,00:27.50,2019.10.18 23:57:19,2019.10.22,第一週
3位,乾坤士,?小肥耿,00:29.30,2019.10.22 04:09:28,2019.10.22,第一週
4位,劍士,夕晴,00:09.30,2019.10.20 11:42:01,2019.10.22,第一週
4位,拳士,班尼菈,00:12.10,2019.10.21 12:51:33,2019.10.22,第一週
4位,鬥士,鋼劍解師傅,00:12.10,2019.10.18 19:21:50,2019.10.22,第一週
4位,氣功士,蘇打冰?,00:12.80,2019.10.19 10:10:34,2019.10.22,第一週
4位,弓箭手,?拉媞琺,00:13.60,2019.10.16 22:13:19,2019.10.22,第一週
4位,咒術師,?小肥玥,00:14.70,2019.10.20 18:29:06,2019.10.22,第一週
4位,召喚師,魂牽夢縈?,00:15.90,2019.10.18 22:10:57,2019.10.22,第一週
4位,槍擊士,英靈?,00:17.80,2019.10.21 23:40:07,2019.10.22,第一週
4位,燐劍士,88在草原上轉圈圈,00:18.40,2019.10.20 11:41:46,2019.10.22,第一週
4位,力士,一把罩子龍,00:27.10,2019.10.17 01:54:23,2019.10.22,第一週
4位,刺客,緋紅之影,00:27.80,2019.10.17 23:53:20,2019.10.22,第一週
4位,乾坤士,多納太羅?啾,00:30.10,2019.10.19 13:44:04,2019.10.22,第一週
5位,劍士,Dimly?彌,00:10.10,2019.10.17 01:55:41,2019.10.22,第一週
5位,鬥士,鴻蒼?,00:12.10,2019.10.20 16:44:34,2019.10.22,第一週
5位,拳士,義誠,00:12.80,2019.10.21 17:43:29,2019.10.22,第一週
5位,氣功士,Bauhinia,00:13.10,2019.10.17 19:34:58,2019.10.22,第一週
5位,咒術師,ZUOAN?奶茶,00:15.20,2019.10.18 01:56:31,2019.10.22,第一週
5位,槍擊士,Rafutaria,00:19.40,2019.10.18 20:48:49,2019.10.22,第一週
5位,燐劍士,?小黑糖,00:19.80,2019.10.21 22:56:08,2019.10.22,第一週
5位,召喚師,財財儿,00:22.10,2019.10.18 10:33:12,2019.10.22,第一週
5位,弓箭手,茶茶射妳,00:22.90,2019.10.20 10:43:38,2019.10.22,第一週
5位,力士,芭蒂亞,00:28.80,2019.10.22 01:18:18,2019.10.22,第一週
5位,刺客,?凜,00:29.70,2019.10.16 13:00:02,2019.10.22,第一週
5位,乾坤士,大哥哥?,00:31.80,2019.10.18 01:27:45,2019.10.22,第一週
6位,劍士,?禘神祐,00:10.10,2019.10.17 17:56:40,2019.10.22,第一週
6位,鬥士,冰舞魅心?,00:12.10,2019.10.22 00:16:19,2019.10.22,第一週
6位,拳士,Yeon誠,00:13.20,2019.10.17 18:14:41,2019.10.22,第一週
6位,氣功士,赤淚,00:15.50,2019.10.16 23:11:05,2019.10.22,第一週
6位,咒術師,Jesus?,00:15.60,2019.10.21 17:43:36,2019.10.22,第一週
6位,槍擊士,?LiK,00:19.70,2019.10.20 04:18:12,2019.10.22,第一週
6位,召喚師,乖乖泡泡糖,00:22.40,2019.10.20 04:53:27,2019.10.22,第一週
6位,弓箭手,冷??,00:23.0,2019.10.19 11:03:37,2019.10.22,第一週
6位,燐劍士,Treasure?麥,00:26.30,2019.10.18 10:26:22,2019.10.22,第一週
6位,力士,奎馗,00:29.0,2019.10.21 03:41:20,2019.10.22,第一週
6位,乾坤士,即白,00:32.90,2019.10.19 02:26:47,2019.10.22,第一週
6位,刺客,兔寶?,00:33.50,2019.10.17 12:16:40,2019.10.22,第一週
7位,劍士,?赤霄心,00:10.40,2019.10.19 08:22:46,2019.10.22,第一週
7位,鬥士,別讓羊叔叔輸出,00:13.10,2019.10.19 15:36:24,2019.10.22,第一週
7位,拳士,蛤仔精,00:13.60,2019.10.17 21:32:30,2019.10.22,第一週
7位,咒術師,低調?睡?,00:15.80,2019.10.20 17:20:48,2019.10.22,第一週
7位,氣功士,空拍,00:16.0,2019.10.19 16:43:55,2019.10.22,第一週
7位,槍擊士,三發裝子彈,00:20.0,2019.10.18 23:09:19,2019.10.22,第一週
7位,召喚師,點心?,00:23.10,2019.10.19 13:25:28,2019.10.22,第一週
7位,燐劍士,HunterMNY,00:27.50,2019.10.16 17:15:22,2019.10.22,第一週
7位,弓箭手,叔叔的小三,00:28.0,2019.10.18 13:52:06,2019.10.22,第一週
7位,力士,安徘?,00:29.60,2019.10.21 14:56:52,2019.10.22,第一週
7位,乾坤士,桂明香,00:34.70,2019.10.22 04:49:58,2019.10.22,第一週
7位,刺客,狄世,00:40.60,2019.10.20 01:37:23,2019.10.22,第一週
8位,劍士,鬼綾霄,00:10.80,2019.10.19 17:45:10,2019.10.22,第一週
8位,拳士,得罪了方丈還敢跑,00:14.50,2019.10.19 01:47:26,2019.10.22,第一週
8位,鬥士,孀笙,00:14.80,2019.10.16 17:16:15,2019.10.22,第一週
8位,咒術師,名雪喵喵,00:16.0,2019.10.18 19:46:56,2019.10.22,第一週
8位,氣功士,HanShuang,00:16.40,2019.10.22 03:54:16,2019.10.22,第一週
8位,槍擊士,你媽?,00:20.30,2019.10.17 17:02:40,2019.10.22,第一週
8位,召喚師,神龍?,00:23.40,2019.10.18 21:51:55,2019.10.22,第一週
8位,燐劍士,小狂妄?,00:27.50,2019.10.19 18:42:45,2019.10.22,第一週
8位,弓箭手,神?,00:29.50,2019.10.22 03:29:45,2019.10.22,第一週
8位,力士,孤?,00:29.70,2019.10.19 10:33:37,2019.10.22,第一週
8位,乾坤士,Lukaaaa,00:37.0,2019.10.17 12:36:44,2019.10.22,第一週
8位,刺客,鬼迷神疑?,00:40.70,2019.10.17 01:14:10,2019.10.22,第一週
9位,劍士,你了解我的明白嗎,00:11.20,2019.10.18 22:42:13,2019.10.22,第一週
9位,拳士,擋我一百招,00:14.70,2019.10.22 05:59:51,2019.10.22,第一週
9位,鬥士,太乂白癡,00:15.0,2019.10.22 01:37:36,2019.10.22,第一週
9位,咒術師,上官湘玲,00:17.0,2019.10.21 02:35:43,2019.10.22,第一週
9位,氣功士,昊晟,00:17.80,2019.10.21 21:45:45,2019.10.22,第一週
9位,槍擊士,?小肥袋,00:20.30,2019.10.18 12:25:36,2019.10.22,第一週
9位,召喚師,紗兒的小豬豬,00:24.30,2019.10.19 22:07:34,2019.10.22,第一週
9位,燐劍士,?幻熾,00:28.20,2019.10.22 00:08:45,2019.10.22,第一週
9位,力士,人彘?,00:30.0,2019.10.21 21:35:16,2019.10.22,第一週
9位,弓箭手,?緋雨,00:31.10,2019.10.20 22:34:24,2019.10.22,第一週
9位,刺客,冷月無痕,00:40.70,2019.10.17 01:26:23,2019.10.22,第一週
9位,乾坤士,青蘋芙姬,00:43.20,2019.10.21 10:58:48,2019.10.22,第一週
10位,劍士,望月飛揚,00:11.30,2019.10.17 20:31:34,2019.10.22,第一週
10位,拳士,川榷,00:15.20,2019.10.16 20:28:50,2019.10.22,第一週
10位,鬥士,?洛,00:17.30,2019.10.21 22:58:41,2019.10.22,第一週
10位,咒術師,六?御息所,00:17.90,2019.10.22 05:03:31,2019.10.22,第一週
10位,槍擊士,玖伊,00:20.30,2019.10.20 02:09:09,2019.10.22,第一週
10位,召喚師,?艾比醬,00:24.30,2019.10.22 02:25:06,2019.10.22,第一週
10位,氣功士,?小肥鏡,00:25.70,2019.10.19 23:25:41,2019.10.22,第一週
10位,燐劍士,鮮奶茶?,00:28.30,2019.10.19 18:05:15,2019.10.22,第一週
10位,力士,黑雪幸,00:30.10,2019.10.20 10:37:09,2019.10.22,第一週
10位,弓箭手,哈庫菈瑪躂躂,00:32.80,2019.10.22 01:01:21,2019.10.22,第一週
10位,刺客,宇佐見蓮子,00:42.70,2019.10.22 01:01:33,2019.10.22,第一週
10位,乾坤士,克克星,00:44.20,2019.10.19 14:53:39,2019.10.22,第一週
11位,劍士,月孤痕,00:11.30,2019.10.18 22:11:12,2019.10.22,第一週
11位,拳士,金木涼,00:15.60,2019.10.20 22:25:00,2019.10.22,第一週
11位,鬥士,侍乂,00:17.80,2019.10.16 21:59:30,2019.10.22,第一週
11位,咒術師,?妍,00:18.50,2019.10.20 18:04:09,2019.10.22,第一週
11位,槍擊士,Chu?玉米棒,00:23.10,2019.10.18 14:09:04,2019.10.22,第一週
11位,召喚師,蘿水三千只取一瓢飲,00:25.50,2019.10.20 17:17:46,2019.10.22,第一週
11位,氣功士,o寒江雪o,00:27.10,2019.10.19 21:20:49,2019.10.22,第一週
11位,燐劍士,來砍我?,00:29.90,2019.10.17 21:02:57,2019.10.22,第一週
11位,力士,出手不留情,00:31.40,2019.10.17 01:04:07,2019.10.22,第一週
11位,弓箭手,東京靄靄斜陽云,00:33.10,2019.10.22 01:08:31,2019.10.22,第一週
11位,刺客,戕納,00:43.0,2019.10.20 16:52:54,2019.10.22,第一週
11位,乾坤士,凌紅兒,00:45.60,2019.10.16 22:04:27,2019.10.22,第一週
12位,劍士,BestJnK,00:11.50,2019.10.19 15:23:04,2019.10.22,第一週
12位,拳士,Zhengge117,00:17.90,2019.10.21 11:27:35,2019.10.22,第一週
12位,咒術師,咚踏取蜜,00:19.40,2019.10.19 02:17:00,2019.10.22,第一週
12位,鬥士,雅卡緹亞,00:19.50,2019.10.18 16:10:56,2019.10.22,第一週
12位,槍擊士,?小肥?,00:25.0,2019.10.17 02:04:33,2019.10.22,第一週
12位,召喚師,幸福伴身旁,00:25.60,2019.10.20 09:20:07,2019.10.22,第一週
12位,氣功士,優媞奈,00:29.50,2019.10.17 21:07:05,2019.10.22,第一週
12位,燐劍士,?秋白,00:31.10,2019.10.17 19:25:32,2019.10.22,第一週
12位,力士,西狼GOOD?桃,00:31.50,2019.10.17 02:28:35,2019.10.22,第一週
12位,弓箭手,茉娜德,00:38.30,2019.10.20 11:20:10,2019.10.22,第一週
12位,刺客,璇兒?,00:43.30,2019.10.20 17:32:33,2019.10.22,第一週
12位,乾坤士,方米,00:46.20,2019.10.17 18:10:58,2019.10.22,第一週
13位,劍士,夜深了?,00:11.70,2019.10.19 11:34:47,2019.10.22,第一週
13位,拳士,伊璃?,00:19.40,2019.10.18 21:30:06,2019.10.22,第一週
13位,咒術師,月?,00:20.0,2019.10.19 06:36:04,2019.10.22,第一週
13位,鬥士,龍龍55,00:20.0,2019.10.19 00:46:03,2019.10.22,第一週
13位,槍擊士,?青羽梟,00:26.60,2019.10.17 18:48:59,2019.10.22,第一週
13位,召喚師,MissXuan,00:28.30,2019.10.19 01:30:41,2019.10.22,第一週
13位,氣功士,詩情,00:29.60,2019.10.17 23:03:17,2019.10.22,第一週
13位,燐劍士,磪有情,00:32.40,2019.10.16 19:22:48,2019.10.22,第一週
13位,力士,小高冷?,00:33.90,2019.10.20 03:40:20,2019.10.22,第一週
13位,弓箭手,宸昀,00:41.70,2019.10.21 19:39:18,2019.10.22,第一週
13位,刺客,妲己?狐,00:44.60,2019.10.20 22:12:37,2019.10.22,第一週
13位,乾坤士,百裂肉球,00:48.10,2019.10.17 07:50:21,2019.10.22,第一週
14位,劍士,同性才是人間真愛?,00:12.90,2019.10.17 12:36:14,2019.10.22,第一週
14位,咒術師,HLHope,00:20.10,2019.10.20 12:29:00,2019.10.22,第一週
14位,鬥士,叔叔喜歡直接剛正面,00:21.0,2019.10.18 00:49:19,2019.10.22,第一週
14位,拳士,Ruler?,00:21.40,2019.10.19 00:47:15,2019.10.22,第一週
14位,槍擊士,蘇打綠?,00:28.0,2019.10.19 19:45:25,2019.10.22,第一週
14位,召喚師,耍廢?,00:28.80,2019.10.18 21:21:50,2019.10.22,第一週
14位,氣功士,CandyBoBo,00:30.70,2019.10.21 20:31:52,2019.10.22,第一週
14位,燐劍士,柒撚懵懵,00:32.80,2019.10.21 23:37:10,2019.10.22,第一週
14位,力士,杜拜阿布達比的富家男,00:34.10,2019.10.18 17:00:27,2019.10.22,第一週
14位,弓箭手,嫣雨晴,00:43.90,2019.10.20 13:38:30,2019.10.22,第一週
14位,刺客,財政部,00:44.90,2019.10.18 16:23:21,2019.10.22,第一週
14位,乾坤士,蕭墨染,00:49.40,2019.10.20 10:08:45,2019.10.22,第一週
15位,劍士,花生魷,00:12.90,2019.10.19 13:35:17,2019.10.22,第一週
15位,咒術師,菈菈唲,00:20.10,2019.10.21 21:28:58,2019.10.22,第一週
15位,鬥士,亞瑟?潘德拉貢,00:21.0,2019.10.18 02:14:45,2019.10.22,第一週
15位,拳士,Yuan爻,00:22.0,2019.10.17 12:53:17,2019.10.22,第一週
15位,槍擊士,雨天?,00:28.80,2019.10.17 02:20:40,2019.10.22,第一週
15位,召喚師,庫洛司,00:29.40,2019.10.22 02:23:47,2019.10.22,第一週
15位,氣功士,Crazy南,00:33.40,2019.10.17 18:45:54,2019.10.22,第一週
15位,燐劍士,遊星躑躅,00:34.20,2019.10.19 13:19:31,2019.10.22,第一週
15位,力士,胖胖空,00:34.90,2019.10.22 00:52:01,2019.10.22,第一週
15位,弓箭手,芷湘弦?,00:44.20,2019.10.17 01:32:23,2019.10.22,第一週
15位,刺客,JusticeMem,00:45.50,2019.10.22 00:15:09,2019.10.22,第一週
15位,乾坤士,味噌湯?,00:52.20,2019.10.19 18:33:29,2019.10.22,第一週
16位,劍士,緋穆晨芯?,00:13.10,2019.10.21 22:42:22,2019.10.22,第一週
16位,拳士,玢鶇?,00:22.10,2019.10.17 14:11:05,2019.10.22,第一週
16位,鬥士,素鳶輕暖畫涼箏,00:22.20,2019.10.17 16:06:56,2019.10.22,第一週
16位,咒術師,?緋雨,00:23.40,2019.10.19 20:15:22,2019.10.22,第一週
16位,召喚師,加沐,00:29.50,2019.10.19 23:12:18,2019.10.22,第一週
16位,氣功士,?Vanessa?,00:33.40,2019.10.17 22:12:41,2019.10.22,第一週
16位,槍擊士,欣欣?,00:33.90,2019.10.18 14:19:10,2019.10.22,第一週
16位,燐劍士,汀小貓?,00:35.20,2019.10.18 18:23:57,2019.10.22,第一週
16位,力士,藏鱷,00:35.60,2019.10.17 16:50:25,2019.10.22,第一週
16位,弓箭手,魔徒,00:46.20,2019.10.19 18:49:07,2019.10.22,第一週
16位,刺客,黑夜侵襲?,00:50.60,2019.10.16 21:40:57,2019.10.22,第一週
16位,乾坤士,淺晴?,00:54.60,2019.10.19 00:29:03,2019.10.22,第一週
17位,劍士,齡夢,00:13.40,2019.10.17 22:34:42,2019.10.22,第一週
17位,鬥士,祤鷹,00:22.40,2019.10.19 00:04:26,2019.10.22,第一週
17位,拳士,陸奧十三,00:23.10,2019.10.20 18:19:39,2019.10.22,第一週
17位,咒術師,夢醒淑芬?,00:26.70,2019.10.17 12:36:56,2019.10.22,第一週
17位,召喚師,池內亞也,00:29.60,2019.10.16 22:59:50,2019.10.22,第一週
17位,氣功士,天璇?,00:33.60,2019.10.19 07:04:29,2019.10.22,第一週
17位,槍擊士,Murie,00:34.40,2019.10.19 04:37:07,2019.10.22,第一週
17位,燐劍士,星語雪碧,00:35.90,2019.10.18 00:31:48,2019.10.22,第一週
17位,力士,語芯妍,00:36.80,2019.10.18 02:00:12,2019.10.22,第一週
17位,弓箭手,湧嵐,00:46.30,2019.10.18 18:16:41,2019.10.22,第一週
17位,刺客,緋玥之楓,00:50.60,2019.10.17 00:08:12,2019.10.22,第一週
17位,乾坤士,姈羽詩,00:54.80,2019.10.18 19:43:13,2019.10.22,第一週
18位,劍士,淘兒,00:14.10,2019.10.18 17:57:36,2019.10.22,第一週
18位,鬥士,NiTaMaB,00:23.70,2019.10.19 18:33:05,2019.10.22,第一週
18位,拳士,拼命四狼,00:24.0,2019.10.21 19:39:41,2019.10.22,第一週
18位,咒術師,娜伍思嘉,00:27.30,2019.10.19 16:21:28,2019.10.22,第一週
18位,召喚師,起司喵喵,00:30.10,2019.10.21 23:01:35,2019.10.22,第一週
18位,氣功士,珍妮花?,00:34.90,2019.10.18 02:05:10,2019.10.22,第一週
18位,力士,蜜蜂哥哥,00:36.90,2019.10.20 20:05:30,2019.10.22,第一週
18位,燐劍士,苓蓮,00:37.0,2019.10.17 22:52:58,2019.10.22,第一週
18位,槍擊士,冰冬a囝仔?,00:37.50,2019.10.17 13:56:00,2019.10.22,第一週
18位,刺客,?臭跩貓,00:50.90,2019.10.18 03:00:39,2019.10.22,第一週
18位,弓箭手,寂靜子?,00:52.80,2019.10.22 00:10:25,2019.10.22,第一週
18位,乾坤士,天使便便,00:55.20,2019.10.21 21:23:47,2019.10.22,第一週
19位,劍士,月隱?,00:14.20,2019.10.19 16:54:01,2019.10.22,第一週
19位,拳士,欣月,00:25.80,2019.10.18 18:30:14,2019.10.22,第一週
19位,鬥士,小胖次?,00:26.10,2019.10.18 18:59:13,2019.10.22,第一週
19位,咒術師,宓宣,00:27.40,2019.10.17 11:28:02,2019.10.22,第一週
19位,召喚師,冰欣玥,00:32.20,2019.10.20 12:31:40,2019.10.22,第一週
19位,氣功士,空白Cc,00:35.30,2019.10.21 11:04:11,2019.10.22,第一週
19位,槍擊士,?琰傾絮,00:37.50,2019.10.21 13:55:19,2019.10.22,第一週
19位,力士,莫知名,00:37.70,2019.10.17 20:32:12,2019.10.22,第一週
19位,燐劍士,零度?,00:37.70,2019.10.17 23:15:33,2019.10.22,第一週
19位,刺客,榮瑋長的帥?榮瑋低調不說,00:51.20,2019.10.17 13:39:16,2019.10.22,第一週
19位,弓箭手,梨花?,00:53.90,2019.10.17 21:40:22,2019.10.22,第一週
19位,乾坤士,多麗米亞,00:55.70,2019.10.18 21:01:32,2019.10.22,第一週
20位,劍士,Sazabi,00:14.50,2019.10.22 01:22:48,2019.10.22,第一週
20位,鬥士,溦特,00:26.40,2019.10.18 21:41:23,2019.10.22,第一週
20位,拳士,Sajni,00:26.60,2019.10.21 17:54:26,2019.10.22,第一週
20位,咒術師,?妮妮,00:27.90,2019.10.18 14:32:01,2019.10.22,第一週
20位,召喚師,?玥凝雪,00:33.20,2019.10.20 04:09:52,2019.10.22,第一週
20位,氣功士,隔壁小生,00:35.70,2019.10.21 19:17:55,2019.10.22,第一週
20位,槍擊士,蒼瑩,00:38.50,2019.10.18 18:18:49,2019.10.22,第一週
20位,燐劍士,小白?,00:38.80,2019.10.18 11:49:15,2019.10.22,第一週
20位,力士,愛??,00:39.30,2019.10.18 04:13:33,2019.10.22,第一週
20位,刺客,Aeyko,00:51.40,2019.10.19 01:54:07,2019.10.22,第一週
20位,弓箭手,蘿莎莉婭?,00:54.0,2019.10.22 01:41:19,2019.10.22,第一週
20位,乾坤士,喵喵蟲咖波,00:56.40,2019.10.20 01:45:55,2019.10.22,第一週
21位,劍士,整天想死的魚,00:14.60,2019.10.17 19:14:13,2019.10.22,第一週
21位,鬥士,墨川奈沙庫,00:27.80,2019.10.16 14:26:34,2019.10.22,第一週
21位,拳士,月光琵琶曲,00:28.80,2019.10.19 14:33:26,2019.10.22,第一週
21位,咒術師,海膽泡麵,00:29.80,2019.10.19 10:37:05,2019.10.22,第一週
21位,召喚師,Cute綺綺o,00:33.40,2019.10.19 00:02:05,2019.10.22,第一週
21位,氣功士,琴吹七籟,00:37.0,2019.10.17 05:55:06,2019.10.22,第一週
21位,槍擊士,叔叔喜歡門關起來射兩下,00:39.50,2019.10.17 04:52:45,2019.10.22,第一週
21位,燐劍士,搖滾可可,00:39.70,2019.10.19 12:43:29,2019.10.22,第一週
21位,力士,米開朗基羅?蒼,00:39.90,2019.10.16 17:42:49,2019.10.22,第一週
21位,刺客,Xanis,00:51.50,2019.10.16 12:15:14,2019.10.22,第一週
21位,弓箭手,Xiao月霜,00:55.20,2019.10.16 13:38:14,2019.10.22,第一週
21位,乾坤士,夜越風驊,00:58.10,2019.10.17 13:04:50,2019.10.22,第一週
22位,劍士,?蛋?,00:14.90,2019.10.17 22:26:02,2019.10.22,第一週
22位,鬥士,醬醬爆,00:27.80,2019.10.20 14:55:57,2019.10.22,第一週
22位,拳士,?尼尼,00:29.50,2019.10.19 00:58:22,2019.10.22,第一週
22位,咒術師,Dandin沉默?,00:30.30,2019.10.19 14:05:11,2019.10.22,第一週
22位,召喚師,向日葵自走砲,00:33.60,2019.10.18 01:52:09,2019.10.22,第一週
22位,氣功士,?花舞鳥,00:37.80,2019.10.19 16:27:50,2019.10.22,第一週
22位,槍擊士,槍?玫瑰?沁悸,00:40.0,2019.10.20 01:13:46,2019.10.22,第一週
22位,燐劍士,青陌?,00:40.0,2019.10.19 02:12:17,2019.10.22,第一週
22位,力士,阿鬼匠,00:40.10,2019.10.16 12:54:14,2019.10.22,第一週
22位,刺客,祈祈?,00:52.0,2019.10.20 13:11:53,2019.10.22,第一週
22位,弓箭手,玥夜楓晴,00:55.30,2019.10.21 21:30:39,2019.10.22,第一週
22位,乾坤士,鉯禹,00:59.20,2019.10.18 01:03:38,2019.10.22,第一週
23位,劍士,朕?,00:15.60,2019.10.17 01:29:18,2019.10.22,第一週
23位,鬥士,一姝兒,00:27.90,2019.10.16 11:53:43,2019.10.22,第一週
23位,拳士,聖奇諾,00:29.80,2019.10.19 19:25:22,2019.10.22,第一週
23位,咒術師,滄語嫣,00:30.70,2019.10.16 19:44:17,2019.10.22,第一週
23位,召喚師,?球仔King,00:34.20,2019.10.19 19:54:42,2019.10.22,第一週
23位,氣功士,冷豔雪,00:38.20,2019.10.17 23:40:26,2019.10.22,第一週
23位,槍擊士,笑顏莫若詩,00:40.10,2019.10.21 13:30:48,2019.10.22,第一週
23位,燐劍士,巴瑞歐?,00:40.50,2019.10.19 16:15:46,2019.10.22,第一週
23位,力士,紫楓凜,00:41.90,2019.10.20 13:29:41,2019.10.22,第一週
23位,刺客,告?白,00:52.20,2019.10.19 01:19:20,2019.10.22,第一週
23位,弓箭手,千??,00:56.40,2019.10.19 12:00:19,2019.10.22,第一週
23位,乾坤士,丰芸兒,01:00.30,2019.10.21 10:37:23,2019.10.22,第一週
24位,劍士,艾蕾歐諾拉維爾塔利亞,00:16.10,2019.10.19 13:26:04,2019.10.22,第一週
24位,鬥士,輝姬醬,00:28.60,2019.10.17 21:59:33,2019.10.22,第一週
24位,咒術師,?葡萄,00:31.0,2019.10.19 01:22:03,2019.10.22,第一週
24位,拳士,咖啡凍鮮奶茶,00:31.90,2019.10.21 18:41:24,2019.10.22,第一週
24位,召喚師,Bubbles?泡泡,00:34.50,2019.10.18 01:11:32,2019.10.22,第一週
24位,氣功士,祅賊賊,00:39.30,2019.10.16 20:03:14,2019.10.22,第一週
24位,燐劍士,我下班了,00:40.90,2019.10.20 10:40:18,2019.10.22,第一週
24位,槍擊士,芸之?,00:41.60,2019.10.17 21:55:32,2019.10.22,第一週
24位,力士,?蛋蛋胖,00:42.50,2019.10.17 21:50:10,2019.10.22,第一週
24位,刺客,湯尼尼?,00:53.20,2019.10.16 17:33:15,2019.10.22,第一週
24位,弓箭手,莉花緒凜,00:56.40,2019.10.20 20:04:55,2019.10.22,第一週
24位,乾坤士,楓御千代,01:01.10,2019.10.19 13:53:46,2019.10.22,第一週
25位,劍士,狂眾,00:16.40,2019.10.16 19:13:28,2019.10.22,第一週
25位,鬥士,惡魔奶娃,00:28.60,2019.10.18 15:00:55,2019.10.22,第一週
25位,咒術師,紫格格,00:32.20,2019.10.17 22:56:18,2019.10.22,第一週
25位,拳士,諾羽,00:32.20,2019.10.20 12:34:34,2019.10.22,第一週
25位,召喚師,城堡,00:34.60,2019.10.19 09:24:34,2019.10.22,第一週
25位,氣功士,??小婕,00:40.50,2019.10.17 11:44:33,2019.10.22,第一週
25位,燐劍士,怡然游走,00:41.90,2019.10.22 00:25:00,2019.10.22,第一週
25位,槍擊士,阿雪OuO,00:42.30,2019.10.20 12:23:54,2019.10.22,第一週
25位,力士,灰??,00:43.50,2019.10.20 16:44:35,2019.10.22,第一週
25位,刺客,不夠,00:53.30,2019.10.18 14:38:19,2019.10.22,第一週
25位,弓箭手,弓R小,00:58.90,2019.10.18 20:33:48,2019.10.22,第一週
25位,乾坤士,沐雲汐,01:01.90,2019.10.22 00:13:47,2019.10.22,第一週
26位,劍士,Oo紅豆湯圓oO,00:16.40,2019.10.20 15:59:46,2019.10.22,第一週
26位,鬥士,檸小若,00:30.20,2019.10.16 12:12:33,2019.10.22,第一週
26位,拳士,幽魂戈德林,00:32.30,2019.10.20 17:21:43,2019.10.22,第一週
26位,咒術師,蘋兒?,00:33.40,2019.10.22 01:59:52,2019.10.22,第一週
26位,召喚師,冰羽毛,00:35.60,2019.10.20 19:03:01,2019.10.22,第一週
26位,氣功士,魔小道,00:40.60,2019.10.19 01:24:36,2019.10.22,第一週
26位,燐劍士,zLiliTh,00:42.90,2019.10.19 23:27:28,2019.10.22,第一週
26位,槍擊士,煌舞極憶,00:43.50,2019.10.19 00:12:14,2019.10.22,第一週
26位,力士,臻楓,00:43.90,2019.10.17 23:43:43,2019.10.22,第一週
26位,刺客,新手惹人愛,00:54.80,2019.10.20 03:06:25,2019.10.22,第一週
26位,弓箭手,馥寶?,00:59.60,2019.10.19 22:27:09,2019.10.22,第一週
26位,乾坤士,唏語璦,01:02.30,2019.10.18 20:43:12,2019.10.22,第一週
27位,劍士,凝霜玥舞,00:16.80,2019.10.18 16:25:17,2019.10.22,第一週
27位,鬥士,Me?炙焱,00:30.50,2019.10.16 22:17:51,2019.10.22,第一週
27位,拳士,笨狗?,00:33.10,2019.10.20 23:23:42,2019.10.22,第一週
27位,咒術師,佐丹妮,00:33.60,2019.10.21 11:06:13,2019.10.22,第一週
27位,召喚師,赤瞳?,00:36.20,2019.10.21 00:40:23,2019.10.22,第一週
27位,氣功士,冰糖糖?,00:41.0,2019.10.18 03:19:42,2019.10.22,第一週
27位,燐劍士,豚寶爹,00:43.10,2019.10.20 00:08:10,2019.10.22,第一週
27位,槍擊士,Hsiu羽,00:43.90,2019.10.16 22:34:17,2019.10.22,第一週
27位,力士,奴小小,00:45.80,2019.10.17 22:24:44,2019.10.22,第一週
27位,刺客,智影?,00:55.10,2019.10.16 21:04:28,2019.10.22,第一週
27位,弓箭手,璉?,01:01.10,2019.10.17 18:25:55,2019.10.22,第一週
27位,乾坤士,再平凡?月依舊限量版,01:02.60,2019.10.18 22:16:58,2019.10.22,第一週
28位,劍士,小多?,00:16.90,2019.10.16 17:47:27,2019.10.22,第一週
28位,鬥士,綠茶婊蘿莉,00:32.90,2019.10.19 16:47:41,2019.10.22,第一週
28位,拳士,吾生愿牽?,00:35.10,2019.10.19 11:50:22,2019.10.22,第一週
28位,咒術師,司空青崳,00:36.0,2019.10.19 11:26:25,2019.10.22,第一週
28位,召喚師,鴇兒?,00:36.30,2019.10.20 21:01:13,2019.10.22,第一週
28位,氣功士,無關愛情,00:41.50,2019.10.22 02:12:30,2019.10.22,第一週
28位,燐劍士,煙雨沐歌,00:43.40,2019.10.22 02:26:18,2019.10.22,第一週
28位,槍擊士,每秒的心跳,00:45.10,2019.10.20 16:42:30,2019.10.22,第一週
28位,力士,苦瓜絲瓜小黃瓜,00:46.0,2019.10.17 02:17:25,2019.10.22,第一週
28位,刺客,霸氣雲天,00:55.50,2019.10.21 00:11:25,2019.10.22,第一週
28位,弓箭手,864351,01:02.70,2019.10.18 09:41:29,2019.10.22,第一週
28位,乾坤士,啻夜,01:03.0,2019.10.21 00:31:51,2019.10.22,第一週
29位,劍士,0660,00:17.20,2019.10.17 00:19:25,2019.10.22,第一週
29位,鬥士,瑞穗倚門掀奶,00:33.60,2019.10.17 01:34:09,2019.10.22,第一週
29位,拳士,野比大熊,00:35.30,2019.10.17 16:12:00,2019.10.22,第一週
29位,咒術師,無盡闇夜,00:36.20,2019.10.19 14:48:53,2019.10.22,第一週
29位,召喚師,水語痕,00:36.50,2019.10.16 13:47:34,2019.10.22,第一週
29位,氣功士,風嵐之翼,00:41.70,2019.10.19 00:24:07,2019.10.22,第一週
29位,燐劍士,易利信,00:44.0,2019.10.19 03:38:30,2019.10.22,第一週
29位,槍擊士,茶?,00:45.40,2019.10.18 19:54:36,2019.10.22,第一週
29位,力士,?嗯?,00:47.30,2019.10.16 21:19:03,2019.10.22,第一週
29位,刺客,?身?,00:56.20,2019.10.20 13:53:00,2019.10.22,第一週
29位,弓箭手,Q蔥花Q,01:02.70,2019.10.20 12:50:30,2019.10.22,第一週
29位,乾坤士,蒼禪悠,01:03.30,2019.10.19 23:49:45,2019.10.22,第一週
30位,劍士,?村長,00:17.30,2019.10.16 18:38:43,2019.10.22,第一週
30位,鬥士,夏川銘,00:33.60,2019.10.18 12:32:16,2019.10.22,第一週
30位,拳士,ChaosDemon,00:35.40,2019.10.17 13:22:29,2019.10.22,第一週
30位,召喚師,心玥小狐,00:36.80,2019.10.16 19:47:10,2019.10.22,第一週
30位,咒術師,??智,00:37.50,2019.10.16 23:35:56,2019.10.22,第一週
30位,氣功士,澐綰紗?,00:42.0,2019.10.21 15:40:51,2019.10.22,第一週
30位,燐劍士,孤蘇埕外含三次,00:44.0,2019.10.20 19:25:20,2019.10.22,第一週
30位,槍擊士,遙夕三辰?,00:45.80,2019.10.16 11:28:00,2019.10.22,第一週
30位,力士,?壞壞,00:47.60,2019.10.16 21:14:46,2019.10.22,第一週
30位,刺客,祈月音,00:57.0,2019.10.19 14:22:24,2019.10.22,第一週
30位,弓箭手,十大bug,01:03.70,2019.10.21 15:51:09,2019.10.22,第一週
30位,乾坤士,沫鈴雨,01:06.10,2019.10.16 21:34:27,2019.10.22,第一週
31位,劍士,天眠,00:18.10,2019.10.18 23:25:05,2019.10.22,第一週
31位,鬥士,蒔繪o,00:33.70,2019.10.21 15:02:51,2019.10.22,第一週
31位,拳士,?小肥瓜,00:36.60,2019.10.19 10:32:37,2019.10.22,第一週
31位,召喚師,WinTeR?夢,00:37.30,2019.10.17 19:31:10,2019.10.22,第一週
31位,咒術師,橘子薄荷蘇打,00:37.60,2019.10.19 21:46:07,2019.10.22,第一週
31位,氣功士,尹心兒,00:42.40,2019.10.21 22:06:52,2019.10.22,第一週
31位,燐劍士,異性只為繁衍後代?,00:44.60,2019.10.18 11:12:48,2019.10.22,第一週
31位,槍擊士,伊澤那,00:46.40,2019.10.20 06:40:50,2019.10.22,第一週
31位,力士,黑糖可頌o巴勒,00:48.20,2019.10.16 13:12:56,2019.10.22,第一週
31位,刺客,淨鳴,00:57.40,2019.10.21 21:52:06,2019.10.22,第一週
31位,弓箭手,谷小草,01:04.50,2019.10.18 06:59:08,2019.10.22,第一週
31位,乾坤士,風秤觴,01:06.80,2019.10.21 20:42:52,2019.10.22,第一週
32位,劍士,劍刺無雙,00:18.80,2019.10.17 16:51:29,2019.10.22,第一週
32位,鬥士,熬夜不好建議通宵,00:34.70,2019.10.18 19:09:23,2019.10.22,第一週
32位,拳士,奈伊雷特,00:36.80,2019.10.19 18:58:40,2019.10.22,第一週
32位,召喚師,?煌明月,00:37.40,2019.10.18 00:31:41,2019.10.22,第一週
32位,咒術師,冰?湛藍,00:37.60,2019.10.19 22:58:24,2019.10.22,第一週
32位,氣功士,神?優?,00:42.50,2019.10.17 23:03:51,2019.10.22,第一週
32位,燐劍士,靜畫扇,00:44.80,2019.10.17 18:49:54,2019.10.22,第一週
32位,槍擊士,左線預備o右線預備,00:48.30,2019.10.18 00:56:01,2019.10.22,第一週
32位,力士,八木俊典?,00:48.90,2019.10.17 13:11:03,2019.10.22,第一週
32位,刺客,聖弒,00:59.30,2019.10.21 20:26:07,2019.10.22,第一週
32位,弓箭手,小彩蕍,01:04.70,2019.10.20 21:28:50,2019.10.22,第一週
32位,乾坤士,妍心,01:10.80,2019.10.17 04:24:18,2019.10.22,第一週
33位,劍士,既分高下也決生死,00:19.90,2019.10.18 19:16:23,2019.10.22,第一週
33位,鬥士,楊宵,00:35.50,2019.10.17 10:37:41,2019.10.22,第一週
33位,拳士,尹莿俐?,00:36.80,2019.10.19 23:06:34,2019.10.22,第一週
33位,召喚師,歐緹西斯,00:38.0,2019.10.22 00:15:45,2019.10.22,第一週
33位,咒術師,Hot綠茶,00:38.40,2019.10.16 18:56:33,2019.10.22,第一週
33位,氣功士,?牛牛?,00:43.70,2019.10.19 03:37:48,2019.10.22,第一週
33位,燐劍士,小天?,00:45.20,2019.10.17 09:51:59,2019.10.22,第一週
33位,槍擊士,小壞蛋?,00:48.50,2019.10.19 08:20:21,2019.10.22,第一週
33位,力士,希格德利法,00:49.70,2019.10.16 23:50:14,2019.10.22,第一週
33位,刺客,love?君,01:00.80,2019.10.18 08:59:14,2019.10.22,第一週
33位,弓箭手,蕭憶情,01:06.60,2019.10.16 21:27:53,2019.10.22,第一週
33位,乾坤士,淺野晴川,01:13.0,2019.10.18 06:12:56,2019.10.22,第一週
34位,劍士,?貓貓,00:20.10,2019.10.18 18:57:54,2019.10.22,第一週
34位,鬥士,乂喧嘩乂,00:35.70,2019.10.17 06:10:13,2019.10.22,第一週
34位,拳士,煤礦裡的黑貓,00:36.90,2019.10.16 20:15:00,2019.10.22,第一週
34位,召喚師,皓呆魯,00:38.60,2019.10.20 23:45:22,2019.10.22,第一週
34位,咒術師,?上田村麻呂,00:38.60,2019.10.16 17:31:59,2019.10.22,第一週
34位,氣功士,醬爆雞丁三明治,00:43.90,2019.10.16 13:18:45,2019.10.22,第一週
34位,燐劍士,大菠蘿乂,00:45.50,2019.10.19 10:09:28,2019.10.22,第一週
34位,槍擊士,昕暐,00:49.30,2019.10.16 22:12:06,2019.10.22,第一週
34位,力士,非洲肯尼亞的負二代,00:50.0,2019.10.21 17:26:24,2019.10.22,第一週
34位,刺客,樓心維?,01:01.50,2019.10.16 23:51:28,2019.10.22,第一週
34位,弓箭手,歌岸似聲?,01:07.60,2019.10.22 01:57:51,2019.10.22,第一週
34位,乾坤士,柳丁控,01:13.40,2019.10.20 21:14:17,2019.10.22,第一週
35位,劍士,狪狪,00:20.60,2019.10.20 21:26:09,2019.10.22,第一週
35位,鬥士,一品入神,00:36.20,2019.10.19 12:21:23,2019.10.22,第一週
35位,拳士,幻溟弒閻,00:37.20,2019.10.21 17:33:54,2019.10.22,第一週
35位,召喚師,?熾,00:38.70,2019.10.18 02:14:06,2019.10.22,第一週
35位,咒術師,趴姬,00:39.80,2019.10.18 14:13:50,2019.10.22,第一週
35位,氣功士,小蝸愛吃燒肉飯,00:44.30,2019.10.18 02:46:43,2019.10.22,第一週
35位,燐劍士,萌言萌語,00:46.40,2019.10.18 01:58:37,2019.10.22,第一週
35位,槍擊士,天藍翎,00:49.30,2019.10.19 03:27:17,2019.10.22,第一週
35位,力士,吃飯用碗公,00:50.50,2019.10.16 20:34:23,2019.10.22,第一週
35位,刺客,kapana,01:02.0,2019.10.19 19:37:25,2019.10.22,第一週
35位,弓箭手,漓汐玥,01:08.70,2019.10.18 01:09:36,2019.10.22,第一週
35位,乾坤士,雪戀歌,01:14.60,2019.10.19 13:43:45,2019.10.22,第一週
36位,劍士,君馬惠?,00:20.80,2019.10.16 20:40:45,2019.10.22,第一週
36位,鬥士,?雪月,00:37.40,2019.10.16 22:49:46,2019.10.22,第一週
36位,拳士,紫歆羽,00:38.50,2019.10.18 22:54:16,2019.10.22,第一週
36位,召喚師,芫?,00:39.0,2019.10.20 02:42:27,2019.10.22,第一週
36位,咒術師,阿宅好宅,00:41.60,2019.10.21 18:51:45,2019.10.22,第一週
36位,氣功士,醉?雨,00:44.60,2019.10.19 00:37:19,2019.10.22,第一週
36位,燐劍士,SKY小天,00:47.20,2019.10.21 23:27:12,2019.10.22,第一週
36位,槍擊士,畢格皮娜絲,00:49.30,2019.10.20 16:54:50,2019.10.22,第一週
36位,力士,FuyuumiAi,00:51.10,2019.10.18 19:23:30,2019.10.22,第一週
36位,刺客,紫星夜影,01:02.30,2019.10.18 12:04:40,2019.10.22,第一週
36位,弓箭手,夏雨鴛,01:10.10,2019.10.18 17:38:06,2019.10.22,第一週
36位,乾坤士,李依,01:15.30,2019.10.17 20:15:05,2019.10.22,第一週
37位,劍士,紫戀妮霓,00:20.80,2019.10.21 18:08:26,2019.10.22,第一週
37位,鬥士,愉?,00:37.70,2019.10.21 14:38:35,2019.10.22,第一週
37位,拳士,人生回首一場空,00:38.60,2019.10.18 20:28:41,2019.10.22,第一週
37位,召喚師,西西里亞,00:39.30,2019.10.16 20:24:09,2019.10.22,第一週
37位,咒術師,鳳梨酥旺,00:41.80,2019.10.17 10:21:47,2019.10.22,第一週
37位,氣功士,靜秋,00:44.70,2019.10.21 08:22:24,2019.10.22,第一週
37位,燐劍士,大份米粉,00:47.50,2019.10.17 18:00:35,2019.10.22,第一週
37位,槍擊士,墨川布拉賈,00:49.50,2019.10.18 02:52:24,2019.10.22,第一週
37位,力士,再平凡?龍依舊限量版,00:51.50,2019.10.17 20:57:14,2019.10.22,第一週
37位,刺客,Xiao水月,01:02.40,2019.10.17 16:46:26,2019.10.22,第一週
37位,弓箭手,LemonCat,01:11.0,2019.10.18 14:00:10,2019.10.22,第一週
37位,乾坤士,微雨?不思,01:16.50,2019.10.21 20:46:53,2019.10.22,第一週
38位,劍士,葉楓天,00:21.20,2019.10.18 11:14:07,2019.10.22,第一週
38位,鬥士,阿剎弭?,00:37.80,2019.10.21 00:18:46,2019.10.22,第一週
38位,拳士,慕蓉鳳翔,00:39.0,2019.10.20 08:35:42,2019.10.22,第一週
38位,召喚師,Aileen怷,00:39.50,2019.10.17 17:17:19,2019.10.22,第一週
38位,咒術師,Kui奎o,00:42.40,2019.10.17 12:36:07,2019.10.22,第一週
38位,氣功士,阡璃墨,00:44.90,2019.10.17 01:48:12,2019.10.22,第一週
38位,燐劍士,邪日,00:47.80,2019.10.17 20:03:24,2019.10.22,第一週
38位,槍擊士,丰筠,00:49.50,2019.10.18 17:37:29,2019.10.22,第一週
38位,力士,沒過耶,00:53.10,2019.10.16 19:11:00,2019.10.22,第一週
38位,刺客,彎腰看侏儒,01:02.80,2019.10.20 12:38:50,2019.10.22,第一週
38位,弓箭手,冬彌南次郎,01:12.60,2019.10.20 12:37:17,2019.10.22,第一週
38位,乾坤士,雪?,01:17.0,2019.10.20 22:11:12,2019.10.22,第一週
39位,劍士,珞依依,00:22.0,2019.10.21 11:40:38,2019.10.22,第一週
39位,鬥士,晴空?,00:38.10,2019.10.16 13:11:59,2019.10.22,第一週
39位,拳士,櫻渚梨央,00:40.10,2019.10.21 02:36:14,2019.10.22,第一週
39位,召喚師,綰褵,00:40.20,2019.10.16 19:09:00,2019.10.22,第一週
39位,咒術師,?金艾嚴,00:43.0,2019.10.17 23:31:25,2019.10.22,第一週
39位,氣功士,丹妮莉絲卡麗熙,00:45.10,2019.10.22 00:16:30,2019.10.22,第一週
39位,燐劍士,櫻o羽淚,00:48.0,2019.10.20 22:42:51,2019.10.22,第一週
39位,槍擊士,國民女神?,00:49.70,2019.10.18 19:42:14,2019.10.22,第一週
39位,力士,老甕OuO,00:53.50,2019.10.19 16:14:58,2019.10.22,第一週
39位,刺客,椎名雪,01:04.60,2019.10.18 18:58:52,2019.10.22,第一週
39位,弓箭手,噴花?,01:13.20,2019.10.19 03:01:55,2019.10.22,第一週
39位,乾坤士,淺藍風華,01:17.20,2019.10.19 14:26:22,2019.10.22,第一週
40位,劍士,薰薰子,00:22.10,2019.10.21 16:43:42,2019.10.22,第一週
40位,鬥士,小八o姈,00:38.30,2019.10.16 19:14:18,2019.10.22,第一週
40位,拳士,皇小悠,00:40.40,2019.10.21 20:20:46,2019.10.22,第一週
40位,召喚師,軒轅夜霜,00:40.40,2019.10.18 21:38:45,2019.10.22,第一週
40位,咒術師,嫣樺,00:43.20,2019.10.17 19:01:36,2019.10.22,第一週
40位,氣功士,CoffeeYo,00:45.50,2019.10.16 14:29:48,2019.10.22,第一週
40位,燐劍士,?丸,00:48.20,2019.10.19 10:05:52,2019.10.22,第一週
40位,槍擊士,李羽,00:49.90,2019.10.18 11:16:48,2019.10.22,第一週
40位,力士,JASON,00:53.80,2019.10.21 18:26:13,2019.10.22,第一週
40位,刺客,墨淺伊?,01:05.0,2019.10.21 13:06:24,2019.10.22,第一週
40位,弓箭手,科黛,01:15.0,2019.10.18 19:30:28,2019.10.22,第一週
40位,乾坤士,古語有云有功夫無懦夫,01:18.0,2019.10.20 10:43:08,2019.10.22,第一週
41位,劍士,尋沫雨悠,00:22.20,2019.10.18 20:30:01,2019.10.22,第一週
41位,鬥士,小?囡囡,00:38.40,2019.10.20 12:08:25,2019.10.22,第一週
41位,拳士,妃?亞,00:40.50,2019.10.20 16:42:47,2019.10.22,第一週
41位,召喚師,小甜餅ouo,00:40.70,2019.10.19 22:44:44,2019.10.22,第一週
41位,咒術師,爪爪Babe,00:43.20,2019.10.19 00:28:07,2019.10.22,第一週
41位,氣功士,?蒼若水,00:45.60,2019.10.20 01:17:40,2019.10.22,第一週
41位,燐劍士,?Nk葉落,00:48.40,2019.10.16 12:38:44,2019.10.22,第一週
41位,槍擊士,花傲雪,00:49.90,2019.10.18 23:05:23,2019.10.22,第一週
41位,力士,幻龍痕,00:54.0,2019.10.17 19:24:15,2019.10.22,第一週
41位,刺客,似若水無痕,01:06.50,2019.10.18 03:38:13,2019.10.22,第一週
41位,弓箭手,粉色小公舉大囧哥,01:15.0,2019.10.21 23:21:40,2019.10.22,第一週
41位,乾坤士,練練百分百,01:19.30,2019.10.19 01:46:26,2019.10.22,第一週
42位,劍士,一窺葉而知秋,00:22.70,2019.10.22 02:55:31,2019.10.22,第一週
42位,鬥士,肆傑?,00:38.40,2019.10.20 17:42:29,2019.10.22,第一週
42位,拳士,超級全家桶,00:40.60,2019.10.17 14:56:56,2019.10.22,第一週
42位,召喚師,Shuboo,00:41.30,2019.10.19 19:28:59,2019.10.22,第一週
42位,咒術師,脆皮巧克力,00:44.80,2019.10.16 11:33:14,2019.10.22,第一週
42位,氣功士,Shary?,00:46.0,2019.10.21 11:20:49,2019.10.22,第一週
42位,燐劍士,飛沙風中轉,00:48.60,2019.10.16 14:01:36,2019.10.22,第一週
42位,槍擊士,x喧嘩x,00:50.70,2019.10.17 08:20:04,2019.10.22,第一週
42位,力士,只愛北鼻,00:54.40,2019.10.21 09:59:18,2019.10.22,第一週
42位,刺客,一個小小的刺客,01:09.40,2019.10.19 21:52:09,2019.10.22,第一週
42位,弓箭手,揪揪妹,01:16.40,2019.10.21 23:01:31,2019.10.22,第一週
42位,乾坤士,宗痛好酸林韓媾茹,01:19.80,2019.10.20 21:53:18,2019.10.22,第一週
43位,劍士,蔥燒牛肉滅,00:22.80,2019.10.20 12:41:21,2019.10.22,第一週
43位,鬥士,Skr辣台妹騷底,00:39.50,2019.10.21 23:30:13,2019.10.22,第一週
43位,召喚師,萌其D魯夫,00:41.40,2019.10.21 00:58:53,2019.10.22,第一週
43位,拳士,炬?,00:41.50,2019.10.17 23:09:03,2019.10.22,第一週
43位,咒術師,弁索崗武郎,00:45.10,2019.10.21 23:26:49,2019.10.22,第一週
43位,氣功士,白先勇,00:46.10,2019.10.18 01:45:37,2019.10.22,第一週
43位,燐劍士,星山吼兒,00:49.10,2019.10.20 11:47:25,2019.10.22,第一週
43位,槍擊士,甯鱈,00:50.80,2019.10.16 12:06:44,2019.10.22,第一週
43位,力士,魔羯渣男?,00:55.80,2019.10.18 22:16:05,2019.10.22,第一週
43位,刺客,?水水布蕾?,01:11.40,2019.10.17 19:52:54,2019.10.22,第一週
43位,弓箭手,?情,01:16.50,2019.10.18 19:28:31,2019.10.22,第一週
43位,乾坤士,p喧嘩q,01:20.60,2019.10.17 07:55:17,2019.10.22,第一週
44位,劍士,巨乳人妻?,00:22.90,2019.10.21 21:20:25,2019.10.22,第一週
44位,鬥士,我的命刻妳的名?,00:39.80,2019.10.19 12:08:55,2019.10.22,第一週
44位,召喚師,燐星喚月冥,00:41.60,2019.10.20 16:43:29,2019.10.22,第一週
44位,拳士,勃起天尊?瘋狗吉娃娃,00:41.80,2019.10.18 22:21:25,2019.10.22,第一週
44位,咒術師,遙夢雲,00:45.20,2019.10.17 10:08:11,2019.10.22,第一週
44位,氣功士,霄嵐,00:46.20,2019.10.18 23:11:19,2019.10.22,第一週
44位,燐劍士,啤酒海,00:49.30,2019.10.20 19:16:14,2019.10.22,第一週
44位,槍擊士,colmannnnn,00:51.60,2019.10.16 22:54:44,2019.10.22,第一週
44位,力士,誘惑幻影,00:56.50,2019.10.21 17:27:19,2019.10.22,第一週
44位,刺客,櫻雪魅影,01:11.50,2019.10.17 19:57:53,2019.10.22,第一週
44位,弓箭手,傻眼貓咪?,01:17.0,2019.10.20 15:52:27,2019.10.22,第一週
44位,乾坤士,天晴薯薯,01:21.90,2019.10.17 10:56:04,2019.10.22,第一週
45位,劍士,洛雙,00:23.10,2019.10.19 23:50:22,2019.10.22,第一週
45位,鬥士,昊沄,00:39.80,2019.10.19 14:49:12,2019.10.22,第一週
45位,召喚師,肥?兔仔,00:41.90,2019.10.17 03:15:27,2019.10.22,第一週
45位,拳士,蒟蒻冰茶o,00:42.50,2019.10.16 20:24:29,2019.10.22,第一週
45位,咒術師,kitome,00:45.30,2019.10.17 00:29:34,2019.10.22,第一週
45位,氣功士,寒暑六訣翠蘿寒,00:47.10,2019.10.21 22:00:56,2019.10.22,第一週
45位,燐劍士,彩雲港港灣總幹事,00:49.60,2019.10.17 16:51:46,2019.10.22,第一週
45位,槍擊士,凌羽兒,00:52.20,2019.10.21 04:30:26,2019.10.22,第一週
45位,力士,玄煌破?陣,00:57.10,2019.10.16 23:34:38,2019.10.22,第一週
45位,刺客,米娜瓦,01:11.70,2019.10.20 20:30:12,2019.10.22,第一週
45位,弓箭手,O奔波兒灞O,01:20.10,2019.10.18 06:36:06,2019.10.22,第一週
45位,乾坤士,酸溜溜,01:22.70,2019.10.18 20:39:53,2019.10.22,第一週
46位,劍士,真夜?,00:23.20,2019.10.16 15:35:57,2019.10.22,第一週
46位,鬥士,安排?,00:41.20,2019.10.17 14:13:51,2019.10.22,第一週
46位,召喚師,夜不能寐,00:42.0,2019.10.18 20:07:53,2019.10.22,第一週
46位,拳士,蘿莉?D?香吉士,00:42.70,2019.10.18 13:04:00,2019.10.22,第一週
46位,咒術師,KeAi咘o,00:45.30,2019.10.17 18:56:24,2019.10.22,第一週
46位,氣功士,蒼秀樹,00:47.20,2019.10.16 22:37:44,2019.10.22,第一週
46位,燐劍士,烠玥,00:50.20,2019.10.21 23:54:21,2019.10.22,第一週
46位,槍擊士,汐渃芷,00:52.50,2019.10.17 11:46:10,2019.10.22,第一週
46位,力士,515253,00:57.30,2019.10.17 14:24:38,2019.10.22,第一週
46位,刺客,羽瀧?,01:11.80,2019.10.18 00:19:23,2019.10.22,第一週
46位,弓箭手,穗薇,01:20.20,2019.10.19 00:03:54,2019.10.22,第一週
46位,乾坤士,傲嬌雨,01:24.70,2019.10.21 12:30:04,2019.10.22,第一週
47位,劍士,熊孩子?,00:23.30,2019.10.17 20:14:32,2019.10.22,第一週
47位,鬥士,雀雀小豬排,00:41.40,2019.10.16 21:09:40,2019.10.22,第一週
47位,召喚師,蘋果悠,00:42.10,2019.10.18 20:56:21,2019.10.22,第一週
47位,拳士,河漓雪?,00:43.0,2019.10.16 13:32:29,2019.10.22,第一週
47位,咒術師,伝野?,00:45.50,2019.10.18 10:48:19,2019.10.22,第一週
47位,氣功士,琉璃幻楓,00:47.40,2019.10.20 02:09:32,2019.10.22,第一週
47位,燐劍士,愛耍劍的小女孩,00:50.40,2019.10.16 22:53:13,2019.10.22,第一週
47位,槍擊士,雪梨岩燒小排,00:52.80,2019.10.16 15:32:10,2019.10.22,第一週
47位,力士,娜寶,00:57.30,2019.10.20 12:20:23,2019.10.22,第一週
47位,刺客,浪子國際,01:12.10,2019.10.21 01:08:37,2019.10.22,第一週
47位,弓箭手,?赤熱,01:20.20,2019.10.21 09:49:42,2019.10.22,第一週
47位,乾坤士,名字好難想二二,01:24.90,2019.10.16 23:36:30,2019.10.22,第一週
48位,劍士,Psyche小安,00:24.0,2019.10.17 18:29:48,2019.10.22,第一週
48位,召喚師,羽熙?歐吼OvOb,00:42.20,2019.10.18 18:51:04,2019.10.22,第一週
48位,鬥士,煙花玲,00:42.40,2019.10.16 17:30:10,2019.10.22,第一週
48位,拳士,杰奧斯,00:43.20,2019.10.21 21:47:05,2019.10.22,第一週
48位,咒術師,?藍,00:47.0,2019.10.18 02:26:25,2019.10.22,第一週
48位,氣功士,狐喵喵,00:47.60,2019.10.21 20:32:41,2019.10.22,第一週
48位,燐劍士,地球是我捏圓滴,00:50.40,2019.10.22 00:04:09,2019.10.22,第一週
48位,槍擊士,女乃奚隹,00:53.60,2019.10.18 12:39:38,2019.10.22,第一週
48位,力士,百煉鋼繞指柔,00:57.40,2019.10.21 19:30:14,2019.10.22,第一週
48位,刺客,冰瑀璃,01:12.40,2019.10.19 23:15:40,2019.10.22,第一週
48位,弓箭手,果糖UwU,01:20.70,2019.10.19 20:45:03,2019.10.22,第一週
48位,乾坤士,沁藍,01:25.50,2019.10.18 05:45:46,2019.10.22,第一週
49位,劍士,殺殺,00:24.50,2019.10.19 09:13:17,2019.10.22,第一週
49位,召喚師,憐翊?,00:42.30,2019.10.16 13:18:40,2019.10.22,第一週
49位,鬥士,哦齁?,00:42.40,2019.10.16 19:27:42,2019.10.22,第一週
49位,拳士,軒轅輕舞,00:43.30,2019.10.16 20:31:51,2019.10.22,第一週
49位,咒術師,龍柏霆雲,00:47.10,2019.10.17 18:16:14,2019.10.22,第一週
49位,氣功士,o桔瑀琋o,00:48.10,2019.10.18 11:14:35,2019.10.22,第一週
49位,燐劍士,易子星,00:50.90,2019.10.20 18:23:07,2019.10.22,第一週
49位,槍擊士,啾蹦蹦,00:54.40,2019.10.21 23:36:04,2019.10.22,第一週
49位,力士,暖子,00:58.60,2019.10.16 18:32:01,2019.10.22,第一週
49位,刺客,孤虎,01:12.50,2019.10.17 00:17:57,2019.10.22,第一週
49位,弓箭手,黑帝絲,01:20.80,2019.10.19 13:30:04,2019.10.22,第一週
49位,乾坤士,水哥仔,01:26.20,2019.10.17 21:13:51,2019.10.22,第一週
50位,劍士,云淡?,00:24.70,2019.10.17 21:12:15,2019.10.22,第一週
50位,召喚師,悠璃?,00:43.0,2019.10.16 11:17:34,2019.10.22,第一週
50位,鬥士,御冷彌迦,00:43.30,2019.10.19 00:21:01,2019.10.22,第一週
50位,拳士,百草糖,00:44.20,2019.10.18 00:21:31,2019.10.22,第一週
50位,咒術師,李奧納多?卡,00:47.30,2019.10.18 00:40:14,2019.10.22,第一週
50位,氣功士,小半拍?,00:49.0,2019.10.19 16:47:57,2019.10.22,第一週
50位,燐劍士,伊薩靖,00:51.10,2019.10.20 15:10:38,2019.10.22,第一週
50位,槍擊士,漱?,00:54.70,2019.10.17 22:21:42,2019.10.22,第一週
50位,力士,LiLJon?,01:00.30,2019.10.18 01:19:10,2019.10.22,第一週
50位,刺客,夢之碎片,01:12.70,2019.10.22 00:09:59,2019.10.22,第一週
50位,弓箭手,阿爾特彌斯,01:21.0,2019.10.17 03:10:34,2019.10.22,第一週
50位,乾坤士,毒奶危危,01:26.40,2019.10.20 02:13:55,2019.10.22,第一週
51位,劍士,未?醒,00:24.90,2019.10.19 15:30:26,2019.10.22,第一週
51位,召喚師,小姐姐?,00:43.10,2019.10.20 19:37:56,2019.10.22,第一週
51位,鬥士,開始斬首人物,00:43.60,2019.10.20 19:33:50,2019.10.22,第一週
51位,拳士,Elena,00:44.50,2019.10.17 15:47:52,2019.10.22,第一週
51位,咒術師,蕾小凌o,00:47.30,2019.10.19 00:12:44,2019.10.22,第一週
51位,氣功士,金色紅茶,00:49.80,2019.10.20 18:15:34,2019.10.22,第一週
51位,燐劍士,唷齁?,00:51.30,2019.10.21 19:16:46,2019.10.22,第一週
51位,槍擊士,虹?机?网???八千,00:55.50,2019.10.19 21:59:16,2019.10.22,第一週
51位,力士,RockRose,01:01.0,2019.10.17 16:29:33,2019.10.22,第一週
51位,刺客,吶吶,01:13.10,2019.10.18 00:42:13,2019.10.22,第一週
51位,弓箭手,?射臉,01:21.30,2019.10.16 15:52:37,2019.10.22,第一週
51位,乾坤士,顏值?超萌?Erics,01:26.50,2019.10.16 12:02:47,2019.10.22,第一週
52位,劍士,木槿?,00:25.0,2019.10.16 19:54:10,2019.10.22,第一週
52位,鬥士,魚魚不能烤,00:43.90,2019.10.21 20:13:59,2019.10.22,第一週
52位,召喚師,芘涵,00:44.60,2019.10.16 13:58:24,2019.10.22,第一週
52位,拳士,古怪的非法字符,00:44.90,2019.10.21 19:57:43,2019.10.22,第一週
52位,咒術師,Su韋?,00:47.40,2019.10.16 13:37:40,2019.10.22,第一週
52位,氣功士,Destiny運命,00:49.90,2019.10.19 23:03:29,2019.10.22,第一週
52位,燐劍士,弒月舞翼,00:51.70,2019.10.16 23:51:50,2019.10.22,第一週
52位,槍擊士,清眸,00:55.70,2019.10.17 22:42:30,2019.10.22,第一週
52位,力士,華啟萊,01:01.10,2019.10.16 21:03:32,2019.10.22,第一週
52位,刺客,?狄,01:13.30,2019.10.21 15:10:43,2019.10.22,第一週
52位,弓箭手,馬小歐,01:21.90,2019.10.21 14:11:14,2019.10.22,第一週
52位,乾坤士,秋羽斐心,01:27.50,2019.10.19 04:02:07,2019.10.22,第一週
53位,劍士,萌小桃,00:25.10,2019.10.21 12:44:39,2019.10.22,第一週
53位,鬥士,希琅,00:44.40,2019.10.17 05:20:41,2019.10.22,第一週
53位,召喚師,紫燄喵,00:44.70,2019.10.18 21:06:27,2019.10.22,第一週
53位,拳士,凜果,00:45.80,2019.10.17 19:28:22,2019.10.22,第一週
53位,咒術師,喬子先生,00:47.70,2019.10.16 12:49:15,2019.10.22,第一週
53位,氣功士,Drakevil,00:50.40,2019.10.20 00:19:46,2019.10.22,第一週
53位,燐劍士,Kyousuke?,00:51.70,2019.10.19 01:56:29,2019.10.22,第一週
53位,槍擊士,蘭露茱,00:57.0,2019.10.20 22:18:24,2019.10.22,第一週
53位,力士,鮮干貝薄片沙拉佐柚子醋?,01:01.50,2019.10.20 09:51:54,2019.10.22,第一週
53位,刺客,ShenFan,01:13.50,2019.10.18 23:34:04,2019.10.22,第一週
53位,弓箭手,恭見首,01:23.60,2019.10.22 02:17:16,2019.10.22,第一週
53位,乾坤士,妮德霍格?,01:27.80,2019.10.17 20:51:05,2019.10.22,第一週
54位,劍士,o0絕世佳人0o,00:25.20,2019.10.16 23:34:07,2019.10.22,第一週
54位,鬥士,我只是個計程車司機,00:44.90,2019.10.17 00:27:32,2019.10.22,第一週
54位,召喚師,月色獠牙,00:45.10,2019.10.22 00:29:44,2019.10.22,第一週
54位,拳士,小煌蒂,00:46.0,2019.10.17 19:46:07,2019.10.22,第一週
54位,咒術師,盈月殘花,00:47.70,2019.10.20 19:56:01,2019.10.22,第一週
54位,氣功士,櫻花喵雪,00:50.70,2019.10.19 16:36:48,2019.10.22,第一週
54位,燐劍士,乂凜之殤乂,00:51.90,2019.10.16 15:01:36,2019.10.22,第一週
54位,槍擊士,雪燕冰,00:57.30,2019.10.22 00:10:43,2019.10.22,第一週
54位,力士,白翼小天使,01:01.80,2019.10.18 05:42:16,2019.10.22,第一週
54位,刺客,EcYvLxRm,01:13.60,2019.10.19 13:18:31,2019.10.22,第一週
54位,弓箭手,壞?Baby,01:24.30,2019.10.17 15:31:23,2019.10.22,第一週
54位,乾坤士,水果軍艦,01:28.40,2019.10.16 19:12:26,2019.10.22,第一週
55位,劍士,Aine蕾,00:25.30,2019.10.16 15:33:30,2019.10.22,第一週
55位,鬥士,夜洵櫻,00:44.90,2019.10.17 23:15:11,2019.10.22,第一週
55位,召喚師,evach,00:45.20,2019.10.18 11:22:55,2019.10.22,第一週
55位,拳士,羽琋?,00:46.0,2019.10.18 12:43:54,2019.10.22,第一週
55位,咒術師,Lornabeka,00:47.90,2019.10.20 11:26:08,2019.10.22,第一週
55位,氣功士,友倫嚕嚕,00:51.30,2019.10.22 03:03:36,2019.10.22,第一週
55位,燐劍士,Tendzin,00:52.10,2019.10.17 00:43:00,2019.10.22,第一週
55位,槍擊士,寄樹人猿,00:57.70,2019.10.17 01:49:02,2019.10.22,第一週
55位,力士,來挑戰我吧靈長類,01:01.90,2019.10.17 20:19:02,2019.10.22,第一週
55位,刺客,憶?雨中漫步,01:14.10,2019.10.17 19:39:24,2019.10.22,第一週
55位,弓箭手,皎月夢夜,01:24.60,2019.10.17 14:58:33,2019.10.22,第一週
55位,乾坤士,NifPriskilla,01:29.40,2019.10.17 19:07:47,2019.10.22,第一週
56位,劍士,誰?,00:25.30,2019.10.21 13:04:06,2019.10.22,第一週
56位,鬥士,蜜?捲捲?蜂,00:46.0,2019.10.16 21:38:22,2019.10.22,第一週
56位,拳士,俏麗蒲公英,00:46.50,2019.10.19 22:27:44,2019.10.22,第一週
56位,召喚師,舲舲懿,00:46.70,2019.10.18 08:47:34,2019.10.22,第一週
56位,咒術師,小丹?,00:48.90,2019.10.19 14:57:28,2019.10.22,第一週
56位,氣功士,o仙伯o,00:52.0,2019.10.20 19:13:06,2019.10.22,第一週
56位,燐劍士,右門左衛門,00:52.10,2019.10.18 10:23:25,2019.10.22,第一週
56位,槍擊士,蒂蒂?,00:59.80,2019.10.19 18:05:27,2019.10.22,第一週
56位,力士,喧譁,01:02.20,2019.10.16 11:59:37,2019.10.22,第一週
56位,刺客,凋羽,01:14.40,2019.10.21 21:46:44,2019.10.22,第一週
56位,弓箭手,社會小青年,01:25.20,2019.10.21 12:36:46,2019.10.22,第一週
56位,乾坤士,Pobanwang,01:29.60,2019.10.20 16:05:43,2019.10.22,第一週
57位,劍士,MercedesBenz,00:25.60,2019.10.20 03:09:04,2019.10.22,第一週
57位,鬥士,愛哭?,00:46.50,2019.10.18 11:30:45,2019.10.22,第一週
57位,拳士,微風?,00:47.20,2019.10.17 18:43:30,2019.10.22,第一週
57位,召喚師,包包鵝,00:47.30,2019.10.19 02:32:09,2019.10.22,第一週
57位,咒術師,臻惟,00:49.0,2019.10.17 20:36:47,2019.10.22,第一週
57位,氣功士,墨沁馨馜,00:52.0,2019.10.22 05:53:09,2019.10.22,第一週
57位,燐劍士,?梟,00:52.50,2019.10.20 00:37:07,2019.10.22,第一週
57位,槍擊士,大盜韓普助之噴在你臉上,01:00.80,2019.10.19 19:16:26,2019.10.22,第一週
57位,力士,乂爻乾爻乂,01:02.80,2019.10.17 23:14:44,2019.10.22,第一週
57位,刺客,銀乙,01:14.50,2019.10.17 19:20:22,2019.10.22,第一週
57位,弓箭手,弓神喵OuO,01:25.70,2019.10.17 17:28:42,2019.10.22,第一週
57位,乾坤士,X回憶不在X,01:30.0,2019.10.19 01:37:41,2019.10.22,第一週
58位,劍士,糖芯語兒,00:25.70,2019.10.18 01:57:19,2019.10.22,第一週
58位,鬥士,瞪誰?懷孕?,00:46.60,2019.10.16 12:50:18,2019.10.22,第一週
58位,拳士,尼古拉維奇,00:47.20,2019.10.19 03:58:09,2019.10.22,第一週
58位,召喚師,薇兒??,00:47.40,2019.10.17 06:08:24,2019.10.22,第一週
58位,咒術師,淺伊芯,00:49.70,2019.10.22 00:12:42,2019.10.22,第一週
58位,氣功士,美人櫻,00:52.10,2019.10.16 21:41:47,2019.10.22,第一週
58位,燐劍士,鏡之水底,00:53.10,2019.10.21 20:30:23,2019.10.22,第一週
58位,槍擊士,我愛阿樂,01:01.0,2019.10.17 09:53:43,2019.10.22,第一週
58位,力士,洗碗哥,01:03.10,2019.10.20 00:56:42,2019.10.22,第一週
58位,刺客,心之憧憬,01:14.80,2019.10.21 18:13:28,2019.10.22,第一週
58位,弓箭手,好了別再射啦,01:25.70,2019.10.20 15:49:26,2019.10.22,第一週
58位,乾坤士,花言帥,01:31.90,2019.10.20 13:31:28,2019.10.22,第一週
59位,劍士,LianLast,00:25.90,2019.10.17 23:59:30,2019.10.22,第一週
59位,鬥士,女子豸苗,00:46.90,2019.10.16 23:11:37,2019.10.22,第一週
59位,拳士,勀獅,00:47.50,2019.10.17 16:28:50,2019.10.22,第一週
59位,召喚師,叡麟?,00:47.70,2019.10.21 10:36:51,2019.10.22,第一週
59位,咒術師,凝雪晨?,00:50.50,2019.10.19 03:03:48,2019.10.22,第一週
59位,氣功士,琰花?,00:52.60,2019.10.19 19:34:34,2019.10.22,第一週
59位,燐劍士,?凍豆腐,00:53.20,2019.10.17 00:44:43,2019.10.22,第一週
59位,槍擊士,C恩o,01:01.90,2019.10.16 20:29:13,2019.10.22,第一週
59位,力士,水?寒?,01:03.80,2019.10.19 18:18:52,2019.10.22,第一週
59位,刺客,千夜九狐,01:15.20,2019.10.21 12:41:41,2019.10.22,第一週
59位,弓箭手,蔥喵,01:26.0,2019.10.18 01:10:35,2019.10.22,第一週
59位,乾坤士,激?白毛,01:33.20,2019.10.17 19:17:57,2019.10.22,第一週
60位,劍士,璇玥?,00:26.30,2019.10.17 17:47:32,2019.10.22,第一週
60位,鬥士,域劍士,00:46.90,2019.10.16 23:50:14,2019.10.22,第一週
60位,拳士,美乃滋土司,00:47.70,2019.10.19 14:06:01,2019.10.22,第一週
60位,召喚師,蠻妞兒,00:48.60,2019.10.19 22:06:09,2019.10.22,第一週
60位,咒術師,0少囉嗦0,00:50.90,2019.10.17 07:48:46,2019.10.22,第一週
60位,氣功士,琉冥,00:52.80,2019.10.17 18:12:38,2019.10.22,第一週
60位,燐劍士,?醒?分,00:53.30,2019.10.16 23:24:10,2019.10.22,第一週
60位,槍擊士,小乖?,01:01.90,2019.10.17 00:01:32,2019.10.22,第一週
60位,力士,布卡碰??,01:04.40,2019.10.17 18:48:04,2019.10.22,第一週
60位,刺客,蒼色幻影,01:16.30,2019.10.20 13:47:00,2019.10.22,第一週
60位,弓箭手,弓獨聲?藝展,01:26.80,2019.10.17 20:31:46,2019.10.22,第一週
60位,乾坤士,任涼風,01:35.10,2019.10.17 14:00:56,2019.10.22,第一週
61位,劍士,熱可可加辣辣,00:27.10,2019.10.17 20:36:03,2019.10.22,第一週
61位,鬥士,炙燒牛小排丼飯,00:46.90,2019.10.22 01:14:29,2019.10.22,第一週
61位,拳士,寶萬,00:48.70,2019.10.17 19:19:15,2019.10.22,第一週
61位,召喚師,墨夜香,00:48.80,2019.10.20 12:53:04,2019.10.22,第一週
61位,咒術師,?寶可夢?,00:50.90,2019.10.19 01:47:04,2019.10.22,第一週
61位,氣功士,秋默甦,00:52.90,2019.10.20 13:46:19,2019.10.22,第一週
61位,燐劍士,咬糖糖?,00:54.0,2019.10.19 00:12:28,2019.10.22,第一週
61位,槍擊士,我妻善逸?,01:02.0,2019.10.16 14:11:32,2019.10.22,第一週
61位,力士,染?香?,01:04.70,2019.10.18 23:04:37,2019.10.22,第一週
61位,刺客,laybao,01:16.40,2019.10.19 18:09:56,2019.10.22,第一週
61位,弓箭手,RubyTears,01:27.30,2019.10.17 22:20:28,2019.10.22,第一週
61位,乾坤士,琴寧,01:36.50,2019.10.21 19:41:23,2019.10.22,第一週
62位,劍士,熾?靛?,00:27.10,2019.10.20 05:25:41,2019.10.22,第一週
62位,鬥士,壞?寶貝,00:47.70,2019.10.17 23:52:47,2019.10.22,第一週
62位,拳士,傲宇情,00:48.80,2019.10.19 04:46:05,2019.10.22,第一週
62位,召喚師,?小雛菊,00:49.0,2019.10.20 19:05:25,2019.10.22,第一週
62位,咒術師,Ooo萌ooO,00:51.0,2019.10.20 16:04:27,2019.10.22,第一週
62位,氣功士,宮伝,00:53.20,2019.10.17 19:02:36,2019.10.22,第一週
62位,燐劍士,別彈我耳朵,00:54.20,2019.10.18 18:40:53,2019.10.22,第一週
62位,槍擊士,卡魯秋,01:02.20,2019.10.22 03:26:41,2019.10.22,第一週
62位,力士,Winter東東,01:04.80,2019.10.21 07:06:33,2019.10.22,第一週
62位,刺客,鴨魅嗲,01:16.70,2019.10.17 04:47:53,2019.10.22,第一週
62位,弓箭手,白乃莉凜,01:28.10,2019.10.17 16:57:56,2019.10.22,第一週
62位,乾坤士,人偶姐姐,01:36.70,2019.10.21 12:41:07,2019.10.22,第一週
63位,劍士,娜娜姐姐?,00:27.50,2019.10.18 08:41:20,2019.10.22,第一週
63位,鬥士,殤花?,00:47.80,2019.10.21 01:32:03,2019.10.22,第一週
63位,召喚師,小神官,00:49.20,2019.10.18 11:39:11,2019.10.22,第一週
63位,拳士,立川湊,00:49.70,2019.10.17 22:55:11,2019.10.22,第一週
63位,咒術師,?小肥雪,00:51.30,2019.10.18 10:00:58,2019.10.22,第一週
63位,氣功士,女乃走召車欠,00:53.60,2019.10.20 00:50:44,2019.10.22,第一週
63位,燐劍士,曉劍劍,00:54.50,2019.10.21 12:56:28,2019.10.22,第一週
63位,槍擊士,戰國?,01:02.60,2019.10.19 11:32:23,2019.10.22,第一週
63位,力士,央羽,01:05.40,2019.10.16 22:28:19,2019.10.22,第一週
63位,刺客,絕世之色,01:17.70,2019.10.20 12:59:23,2019.10.22,第一週
63位,弓箭手,?髒髒,01:28.90,2019.10.21 22:45:28,2019.10.22,第一週
63位,乾坤士,夜下赤瞳,01:38.20,2019.10.21 20:31:51,2019.10.22,第一週
64位,劍士,?小肥酥,00:27.50,2019.10.20 19:53:31,2019.10.22,第一週
64位,鬥士,??小?,00:49.20,2019.10.22 03:47:47,2019.10.22,第一週
64位,召喚師,Courageous,00:49.30,2019.10.19 23:39:09,2019.10.22,第一週
64位,拳士,名刀?鳴鴻,00:50.50,2019.10.18 18:30:32,2019.10.22,第一週
64位,咒術師,嘎月月?,00:51.90,2019.10.18 02:07:31,2019.10.22,第一週
64位,氣功士,洪爺?,00:53.60,2019.10.20 12:00:59,2019.10.22,第一週
64位,燐劍士,糰子?,00:54.80,2019.10.18 11:31:40,2019.10.22,第一週
64位,槍擊士,皮030蛋,01:03.0,2019.10.16 23:15:43,2019.10.22,第一週
64位,力士,幻想之扉,01:05.40,2019.10.16 23:01:35,2019.10.22,第一週
64位,刺客,幽劍姬,01:18.90,2019.10.21 22:15:48,2019.10.22,第一週
64位,弓箭手,霜??,01:30.30,2019.10.20 12:24:24,2019.10.22,第一週
64位,乾坤士,精靈守護者,01:38.60,2019.10.18 18:59:39,2019.10.22,第一週
65位,劍士,毅天,00:27.70,2019.10.19 01:14:09,2019.10.22,第一週
65位,召喚師,暗火舞,00:49.40,2019.10.19 19:04:23,2019.10.22,第一週
65位,鬥士,君篁,00:49.50,2019.10.19 11:27:17,2019.10.22,第一週
65位,拳士,紫月?嵐,00:50.50,2019.10.20 08:03:20,2019.10.22,第一週
65位,咒術師,Arde,00:52.80,2019.10.17 10:08:35,2019.10.22,第一週
65位,氣功士,DeEpSeA?TF,00:54.30,2019.10.17 01:54:12,2019.10.22,第一週
65位,燐劍士,Squirrel?雪月,00:54.80,2019.10.18 13:59:22,2019.10.22,第一週
65位,槍擊士,鳥仔蛋,01:03.80,2019.10.20 12:08:03,2019.10.22,第一週
65位,力士,艷小妞,01:05.80,2019.10.19 13:25:53,2019.10.22,第一週
65位,刺客,billywu,01:19.0,2019.10.19 21:37:52,2019.10.22,第一週
65位,弓箭手,朕?射妮無罪,01:30.50,2019.10.18 10:22:27,2019.10.22,第一週
65位,乾坤士,洢熙,01:40.70,2019.10.16 15:55:57,2019.10.22,第一週
66位,劍士,月光下沉睡,00:27.80,2019.10.19 12:28:08,2019.10.22,第一週
66位,召喚師,肥嘟嘟?,00:49.50,2019.10.18 23:31:18,2019.10.22,第一週
66位,鬥士,南宮問情,00:49.60,2019.10.16 23:07:12,2019.10.22,第一週
66位,拳士,是否唯一,00:50.70,2019.10.19 18:07:21,2019.10.22,第一週
66位,咒術師,阿雪QuQ,00:52.80,2019.10.19 13:20:49,2019.10.22,第一週
66位,氣功士,咕?,00:54.60,2019.10.21 19:39:58,2019.10.22,第一週
66位,燐劍士,妳的名子?,00:55.80,2019.10.18 15:50:35,2019.10.22,第一週
66位,槍擊士,巫北帕,01:03.90,2019.10.18 01:04:16,2019.10.22,第一週
66位,力士,舞潔,01:06.10,2019.10.17 20:06:34,2019.10.22,第一週
66位,刺客,星辰幽幻z,01:19.20,2019.10.20 02:19:20,2019.10.22,第一週
66位,弓箭手,布丁糕,01:30.50,2019.10.20 01:40:32,2019.10.22,第一週
66位,乾坤士,陌水深,01:41.50,2019.10.17 20:55:13,2019.10.22,第一週
67位,劍士,會嬉會鬧的俏皮小女孩,00:27.90,2019.10.21 19:46:33,2019.10.22,第一週
67位,召喚師,封心人,00:49.70,2019.10.22 05:51:14,2019.10.22,第一週
67位,拳士,布萊克威爾,00:51.50,2019.10.17 18:16:03,2019.10.22,第一週
67位,鬥士,聲雨竹,00:51.80,2019.10.20 14:31:02,2019.10.22,第一週
67位,咒術師,芙梓,00:53.10,2019.10.22 00:45:19,2019.10.22,第一週
67位,氣功士,蜂蜜草莓冰淇淋,00:54.90,2019.10.20 23:51:04,2019.10.22,第一週
67位,燐劍士,玥惶,00:56.70,2019.10.17 20:50:09,2019.10.22,第一週
67位,槍擊士,神之手?加藤鷹,01:05.90,2019.10.19 19:51:15,2019.10.22,第一週
67位,力士,型人,01:06.20,2019.10.17 21:21:45,2019.10.22,第一週
67位,刺客,曹胖胖,01:19.90,2019.10.16 20:31:01,2019.10.22,第一週
67位,弓箭手,煙火烈酒OuO,01:31.40,2019.10.19 12:39:19,2019.10.22,第一週
67位,乾坤士,牛奶雪糕,01:42.30,2019.10.19 13:48:57,2019.10.22,第一週
68位,劍士,忒小星o,00:28.70,2019.10.20 15:31:59,2019.10.22,第一週
68位,召喚師,青碧?,00:49.90,2019.10.17 01:19:07,2019.10.22,第一週
68位,拳士,Rucy,00:51.50,2019.10.20 12:52:47,2019.10.22,第一週
68位,鬥士,你看這把劍它又長又寬,00:52.0,2019.10.16 14:03:39,2019.10.22,第一週
68位,咒術師,茶樹精油,00:53.30,2019.10.16 23:07:59,2019.10.22,第一週
68位,氣功士,Pirin,00:55.10,2019.10.20 23:26:37,2019.10.22,第一週
68位,燐劍士,拿聖經砸佛陀,00:56.70,2019.10.20 10:56:22,2019.10.22,第一週
68位,槍擊士,無愛0o,01:06.20,2019.10.19 22:48:00,2019.10.22,第一週
68位,力士,NEET姬,01:06.90,2019.10.17 23:28:47,2019.10.22,第一週
68位,刺客,夜悠,01:20.10,2019.10.20 05:59:02,2019.10.22,第一週
68位,弓箭手,漪戀And紫陽花,01:32.40,2019.10.17 18:37:41,2019.10.22,第一週
68位,乾坤士,?玴?,01:43.80,2019.10.19 02:36:44,2019.10.22,第一週
69位,劍士,璃羽紗,00:29.30,2019.10.17 03:30:56,2019.10.22,第一週
69位,召喚師,Shadow?微光,00:50.10,2019.10.18 08:06:12,2019.10.22,第一週
69位,拳士,??,00:51.60,2019.10.16 18:42:42,2019.10.22,第一週
69位,咒術師,悅?,00:53.30,2019.10.21 12:19:51,2019.10.22,第一週
69位,鬥士,hungyu,00:55.0,2019.10.17 22:46:42,2019.10.22,第一週
69位,氣功士,秋悠嫣姬,00:56.0,2019.10.16 23:39:53,2019.10.22,第一週
69位,燐劍士,櫻閃,00:56.80,2019.10.16 13:02:11,2019.10.22,第一週
69位,槍擊士,辣妹愛玩槍,01:06.60,2019.10.16 23:29:19,2019.10.22,第一週
69位,力士,喵陶陶,01:07.20,2019.10.21 20:25:42,2019.10.22,第一週
69位,刺客,不過就是ID,01:20.40,2019.10.17 21:40:12,2019.10.22,第一週
69位,弓箭手,越來越凌,01:33.60,2019.10.18 19:39:43,2019.10.22,第一週
69位,乾坤士,包包丸子頭,01:47.60,2019.10.19 16:03:14,2019.10.22,第一週
70位,劍士,ojamajo,00:29.60,2019.10.16 21:42:36,2019.10.22,第一週
70位,召喚師,小?琉,00:50.60,2019.10.16 23:09:12,2019.10.22,第一週
70位,拳士,?柆,00:52.10,2019.10.20 20:45:21,2019.10.22,第一週
70位,咒術師,焦糖烤布蕾?,00:53.40,2019.10.21 23:47:23,2019.10.22,第一週
70位,鬥士,熊GARY?,00:55.50,2019.10.18 09:22:13,2019.10.22,第一週
70位,氣功士,甜漾羽芯,00:56.80,2019.10.19 09:45:30,2019.10.22,第一週
70位,燐劍士,妮塔莎莉,00:57.20,2019.10.17 17:57:04,2019.10.22,第一週
70位,槍擊士,凌天煜,01:07.50,2019.10.18 01:37:11,2019.10.22,第一週
70位,力士,紫村影丸,01:08.40,2019.10.18 12:53:44,2019.10.22,第一週
70位,刺客,修羅翎,01:20.80,2019.10.21 21:59:58,2019.10.22,第一週
70位,弓箭手,禮志,01:33.60,2019.10.18 23:56:08,2019.10.22,第一週
70位,乾坤士,乂乂震動魔法棒乂乂,01:48.20,2019.10.16 11:39:29,2019.10.22,第一週
71位,劍士,野草?,00:29.70,2019.10.20 12:41:39,2019.10.22,第一週
71位,召喚師,依蝶兒,00:51.0,2019.10.19 15:20:43,2019.10.22,第一週
71位,拳士,如夢令,00:52.30,2019.10.17 23:46:50,2019.10.22,第一週
71位,咒術師,六月風飛白雪霜,00:53.60,2019.10.19 22:22:14,2019.10.22,第一週
71位,鬥士,雲天?,00:55.90,2019.10.16 16:38:58,2019.10.22,第一週
71位,氣功士,流飄,00:57.30,2019.10.16 22:48:06,2019.10.22,第一週
71位,燐劍士,公主道六獵人,00:57.30,2019.10.20 21:05:57,2019.10.22,第一週
71位,槍擊士,空白白白?,01:08.40,2019.10.21 23:04:03,2019.10.22,第一週
71位,力士,吳剛,01:08.50,2019.10.19 18:36:29,2019.10.22,第一週
71位,刺客,沉默的兩分鐘,01:21.40,2019.10.16 21:23:19,2019.10.22,第一週
71位,弓箭手,老娘錢多開豐田錢少開寶馬,01:34.50,2019.10.19 15:47:56,2019.10.22,第一週
71位,乾坤士,涼偑,01:49.30,2019.10.19 14:42:05,2019.10.22,第一週
72位,劍士,陽?,00:29.70,2019.10.21 03:42:21,2019.10.22,第一週
72位,召喚師,筑璃?,00:51.40,2019.10.19 16:21:52,2019.10.22,第一週
72位,拳士,智乃醬??Chino??,00:52.50,2019.10.19 14:25:55,2019.10.22,第一週
72位,咒術師,五十二式,00:53.70,2019.10.16 17:35:43,2019.10.22,第一週
72位,鬥士,荔枝蜂蜜,00:55.90,2019.10.20 18:59:05,2019.10.22,第一週
72位,燐劍士,阿不就好慢慢,00:57.30,2019.10.21 23:26:03,2019.10.22,第一週
72位,氣功士,凜穆,00:57.50,2019.10.16 23:40:55,2019.10.22,第一週
72位,槍擊士,火玄石包的名子,01:08.50,2019.10.17 19:28:58,2019.10.22,第一週
72位,力士,LeSun,01:09.30,2019.10.20 14:17:00,2019.10.22,第一週
72位,刺客,IceBlueA,01:22.50,2019.10.16 17:57:42,2019.10.22,第一週
72位,弓箭手,覺筱赫,01:34.80,2019.10.21 14:51:01,2019.10.22,第一週
72位,乾坤士,X愛已不再X,01:49.40,2019.10.18 13:20:43,2019.10.22,第一週
73位,劍士,你是不是有病R,00:30.10,2019.10.20 11:34:38,2019.10.22,第一週
73位,召喚師,冷語晴,00:51.50,2019.10.21 00:57:20,2019.10.22,第一週
73位,拳士,岩煌,00:52.80,2019.10.16 21:44:03,2019.10.22,第一週
73位,咒術師,楓晴夜,00:53.90,2019.10.18 20:37:14,2019.10.22,第一週
73位,鬥士,??小?哥,00:56.10,2019.10.19 09:30:06,2019.10.22,第一週
73位,氣功士,韓墨,00:57.60,2019.10.17 22:40:27,2019.10.22,第一週
73位,燐劍士,燁茴,00:57.60,2019.10.16 22:23:02,2019.10.22,第一週
73位,槍擊士,珂珂芯,01:08.70,2019.10.21 14:43:31,2019.10.22,第一週
73位,力士,瘋和尚也有拿斧頭的今天,01:09.90,2019.10.19 23:13:01,2019.10.22,第一週
73位,刺客,Oh一FAT,01:22.60,2019.10.18 17:20:17,2019.10.22,第一週
73位,弓箭手,黎塞留?,01:34.90,2019.10.17 00:46:08,2019.10.22,第一週
73位,乾坤士,向宇宙下訂單逼逼,01:49.70,2019.10.19 18:28:05,2019.10.22,第一週
74位,劍士,酥維儂,00:30.20,2019.10.20 06:39:40,2019.10.22,第一週
74位,召喚師,棉花糖果,00:51.60,2019.10.21 22:00:32,2019.10.22,第一週
74位,拳士,煉赤音,00:52.80,2019.10.17 20:50:25,2019.10.22,第一週
74位,咒術師,梅子綠雪泡o,00:54.70,2019.10.21 22:49:11,2019.10.22,第一週
74位,鬥士,老闆?,00:57.20,2019.10.21 21:56:37,2019.10.22,第一週
74位,氣功士,澪?,00:57.80,2019.10.16 16:15:45,2019.10.22,第一週
74位,燐劍士,嵐流星,00:57.90,2019.10.20 18:18:12,2019.10.22,第一週
74位,槍擊士,Ashura翎羽,01:08.90,2019.10.18 22:46:18,2019.10.22,第一週
74位,力士,飛腸杏韻,01:10.0,2019.10.18 13:20:26,2019.10.22,第一週
74位,刺客,?式?,01:23.40,2019.10.17 15:36:53,2019.10.22,第一週
74位,弓箭手,勇敢的阿庫婭,01:35.20,2019.10.18 19:25:09,2019.10.22,第一週
74位,乾坤士,漼溰,01:50.10,2019.10.16 21:21:19,2019.10.22,第一週
75位,劍士,小淚殤,00:30.40,2019.10.16 22:22:38,2019.10.22,第一週
75位,召喚師,柚子木羲,00:52.10,2019.10.16 19:09:05,2019.10.22,第一週
75位,拳士,好冷哦?,00:52.80,2019.10.18 19:39:07,2019.10.22,第一週
75位,咒術師,皮咖啾,00:54.90,2019.10.19 19:15:42,2019.10.22,第一週
75位,鬥士,?臉滾鍵盤,00:57.40,2019.10.19 21:23:08,2019.10.22,第一週
75位,燐劍士,雪舞明月夜,00:58.90,2019.10.19 01:37:00,2019.10.22,第一週
75位,氣功士,InFlamess,00:59.0,2019.10.17 18:49:45,2019.10.22,第一週
75位,槍擊士,Berrypewpew,01:09.60,2019.10.19 18:14:53,2019.10.22,第一週
75位,力士,希梅爾,01:10.20,2019.10.18 05:06:42,2019.10.22,第一週
75位,刺客,SPIRITWIND,01:23.50,2019.10.19 15:38:22,2019.10.22,第一週
75位,弓箭手,雪芍,01:35.30,2019.10.20 00:43:10,2019.10.22,第一週
75位,乾坤士,娮寶寶,01:50.10,2019.10.16 22:09:30,2019.10.22,第一週
76位,劍士,曉澄,00:31.0,2019.10.16 21:02:35,2019.10.22,第一週
76位,召喚師,給我胖次,00:52.20,2019.10.21 20:01:02,2019.10.22,第一週
76位,拳士,LouiseClyne,00:53.0,2019.10.17 00:39:43,2019.10.22,第一週
76位,咒術師,淺間莉莉絲,00:55.0,2019.10.20 19:00:04,2019.10.22,第一週
76位,鬥士,?阿楠楠?,00:57.60,2019.10.20 23:22:39,2019.10.22,第一週
76位,燐劍士,bdfangay,00:59.20,2019.10.17 18:58:36,2019.10.22,第一週
76位,氣功士,Magic小短腿,00:59.90,2019.10.17 14:21:43,2019.10.22,第一週
76位,槍擊士,槍王周澤凱,01:09.60,2019.10.20 00:34:15,2019.10.22,第一週
76位,力士,台科l自爆流KOG,01:11.90,2019.10.16 12:38:55,2019.10.22,第一週
76位,刺客,Fayard琉璃,01:23.50,2019.10.20 10:14:17,2019.10.22,第一週
76位,弓箭手,羽鏡鷹,01:36.20,2019.10.21 15:52:35,2019.10.22,第一週
76位,乾坤士,楓飛殺,01:51.10,2019.10.20 21:45:29,2019.10.22,第一週
77位,劍士,涼瑀?,00:31.10,2019.10.19 18:22:00,2019.10.22,第一週
77位,召喚師,貝殼俏俏,00:52.30,2019.10.20 13:00:02,2019.10.22,第一週
77位,拳士,枕頭山掌門人,00:53.20,2019.10.17 15:05:15,2019.10.22,第一週
77位,咒術師,楓非,00:55.60,2019.10.18 21:57:19,2019.10.22,第一週
77位,鬥士,?七,00:57.90,2019.10.17 00:40:36,2019.10.22,第一週
77位,燐劍士,冰之璇舞,00:59.30,2019.10.21 00:21:13,2019.10.22,第一週
77位,氣功士,神奇的雞蛋,01:00.40,2019.10.16 17:00:57,2019.10.22,第一週
77位,槍擊士,南宮韻,01:09.70,2019.10.20 16:12:22,2019.10.22,第一週
77位,力士,搖滾雪碧,01:11.90,2019.10.18 21:59:35,2019.10.22,第一週
77位,刺客,Lusa,01:23.60,2019.10.18 16:50:01,2019.10.22,第一週
77位,弓箭手,3Q戰神,01:36.60,2019.10.21 19:21:19,2019.10.22,第一週
77位,乾坤士,貪啃奇吃你妹,01:52.0,2019.10.17 18:30:46,2019.10.22,第一週
78位,劍士,聖楓戀斯,00:31.30,2019.10.19 12:36:58,2019.10.22,第一週
78位,召喚師,泠欷,00:52.60,2019.10.17 16:32:33,2019.10.22,第一週
78位,拳士,莉絲特,00:53.30,2019.10.16 14:02:07,2019.10.22,第一週
78位,咒術師,夏楓?,00:56.10,2019.10.20 10:56:13,2019.10.22,第一週
78位,鬥士,貪吃小福尼,00:58.10,2019.10.16 15:37:30,2019.10.22,第一週
78位,燐劍士,暮色微?,00:59.50,2019.10.18 14:17:35,2019.10.22,第一週
78位,氣功士,百香果去冰,01:00.60,2019.10.17 23:24:33,2019.10.22,第一週
78位,槍擊士,小頭麻?,01:10.0,2019.10.17 21:30:42,2019.10.22,第一週
78位,力士,我是小茉莉我要強姦你,01:12.30,2019.10.17 22:49:36,2019.10.22,第一週
78位,刺客,狄雨,01:24.30,2019.10.18 07:16:06,2019.10.22,第一週
78位,弓箭手,嫻泱,01:36.70,2019.10.17 07:59:14,2019.10.22,第一週
78位,乾坤士,簡辰,01:53.20,2019.10.20 00:03:18,2019.10.22,第一週
79位,劍士,檸檬酸酸,00:33.10,2019.10.17 19:31:41,2019.10.22,第一週
79位,召喚師,?芙,00:52.80,2019.10.19 02:45:55,2019.10.22,第一週
79位,拳士,小寶幽,00:53.70,2019.10.21 00:16:19,2019.10.22,第一週
79位,咒術師,雪靈緗,00:56.20,2019.10.17 20:07:20,2019.10.22,第一週
79位,鬥士,櫻小路狸,00:58.20,2019.10.16 19:12:48,2019.10.22,第一週
79位,燐劍士,米亞?,00:59.70,2019.10.18 21:48:02,2019.10.22,第一週
79位,氣功士,幽明靜心,01:00.60,2019.10.18 17:05:44,2019.10.22,第一週
79位,槍擊士,艾爾涅斯帝,01:10.20,2019.10.17 02:42:49,2019.10.22,第一週
79位,力士,戮默,01:12.50,2019.10.17 14:00:25,2019.10.22,第一週
79位,刺客,HyberLation,01:24.60,2019.10.18 20:37:43,2019.10.22,第一週
79位,弓箭手,芹澤蕾拉?,01:37.20,2019.10.17 01:26:19,2019.10.22,第一週
79位,乾坤士,罪愛嵐嵐,01:53.90,2019.10.16 22:36:12,2019.10.22,第一週
80位,劍士,?美美,00:33.30,2019.10.16 22:28:00,2019.10.22,第一週
80位,召喚師,罪惡火花,00:52.90,2019.10.19 16:15:41,2019.10.22,第一週
80位,拳士,一拳定江山,00:54.0,2019.10.19 17:42:50,2019.10.22,第一週
80位,咒術師,丸來哩底加,00:56.80,2019.10.19 19:59:27,2019.10.22,第一週
80位,鬥士,沐鱈,00:58.40,2019.10.16 12:09:25,2019.10.22,第一週
80位,燐劍士,ol?lo雨l?l?lo,00:59.70,2019.10.20 22:45:22,2019.10.22,第一週
80位,氣功士,穆巖艷,01:01.0,2019.10.20 16:14:14,2019.10.22,第一週
80位,槍擊士,好馬?不吃窩邊草,01:11.0,2019.10.20 23:07:23,2019.10.22,第一週
80位,力士,薩米爾,01:12.60,2019.10.22 00:32:48,2019.10.22,第一週
80位,刺客,卡比豬豬,01:25.40,2019.10.19 20:46:59,2019.10.22,第一週
80位,弓箭手,萌萌大奶?,01:37.30,2019.10.18 22:58:10,2019.10.22,第一週
80位,乾坤士,上官?母湯,01:55.10,2019.10.20 17:37:54,2019.10.22,第一週
81位,劍士,閰寂,00:33.30,2019.10.21 20:13:21,2019.10.22,第一週
81位,召喚師,HanHD,00:53.0,2019.10.16 12:05:52,2019.10.22,第一週
81位,拳士,起?了?,00:54.10,2019.10.18 00:37:07,2019.10.22,第一週
81位,咒術師,光術,00:57.50,2019.10.21 04:23:45,2019.10.22,第一週
81位,鬥士,Miss?陽,00:58.50,2019.10.21 00:18:28,2019.10.22,第一週
81位,燐劍士,紫菱琉璃,01:00.0,2019.10.17 18:09:57,2019.10.22,第一週
81位,氣功士,kentu?,01:01.20,2019.10.21 16:33:08,2019.10.22,第一週
81位,槍擊士,冥玄穎,01:11.10,2019.10.17 19:48:55,2019.10.22,第一週
81位,力士,步惊云,01:12.70,2019.10.21 20:47:30,2019.10.22,第一週
81位,刺客,小心你的屁屁,01:25.60,2019.10.16 20:12:37,2019.10.22,第一週
81位,弓箭手,琦玲瑆,01:38.90,2019.10.17 18:35:37,2019.10.22,第一週
81位,乾坤士,L?Arc,01:55.90,2019.10.17 01:38:20,2019.10.22,第一週
82位,劍士,CoChiKang,00:33.50,2019.10.20 16:36:32,2019.10.22,第一週
82位,召喚師,乂姬晴,00:53.0,2019.10.17 08:55:41,2019.10.22,第一週
82位,拳士,靈蕓?,00:54.60,2019.10.17 22:30:58,2019.10.22,第一週
82位,咒術師,新竹南寮漁港,00:58.20,2019.10.21 07:10:31,2019.10.22,第一週
82位,鬥士,?椿?,00:59.40,2019.10.19 18:33:17,2019.10.22,第一週
82位,燐劍士,吉姆伯格與貓使者,01:00.50,2019.10.19 00:49:14,2019.10.22,第一週
82位,氣功士,輕盈花生,01:02.50,2019.10.16 14:42:48,2019.10.22,第一週
82位,槍擊士,槍一?,01:12.20,2019.10.17 00:03:11,2019.10.22,第一週
82位,力士,六茉煙花墜,01:13.0,2019.10.18 15:15:59,2019.10.22,第一週
82位,刺客,橘子玥玥,01:26.80,2019.10.18 02:02:06,2019.10.22,第一週
82位,弓箭手,風殛?星殞,01:39.70,2019.10.20 06:25:07,2019.10.22,第一週
82位,乾坤士,o星如雨o,01:56.50,2019.10.18 20:12:45,2019.10.22,第一週
83位,劍士,漢堡王?,00:33.90,2019.10.16 21:09:32,2019.10.22,第一週
83位,召喚師,慕綾?,00:53.30,2019.10.16 12:07:33,2019.10.22,第一週
83位,拳士,SyaA,00:54.60,2019.10.21 20:37:26,2019.10.22,第一週
83位,咒術師,公孫玥櫻,00:59.20,2019.10.16 21:55:17,2019.10.22,第一週
83位,鬥士,王?,00:59.40,2019.10.20 23:18:19,2019.10.22,第一週
83位,燐劍士,只會掛機的小萌新?,01:00.90,2019.10.19 22:54:54,2019.10.22,第一週
83位,氣功士,沂妡,01:02.70,2019.10.21 20:55:04,2019.10.22,第一週
83位,槍擊士,檜木棒,01:12.40,2019.10.16 20:17:04,2019.10.22,第一週
83位,力士,艾莉沙,01:13.40,2019.10.19 09:36:23,2019.10.22,第一週
83位,刺客,只願予你晴天,01:27.0,2019.10.19 12:58:41,2019.10.22,第一週
83位,弓箭手,夜攸悠,01:40.0,2019.10.20 06:40:02,2019.10.22,第一週
83位,乾坤士,醉無瑕,01:56.80,2019.10.20 01:39:24,2019.10.22,第一週
84位,劍士,張希熙,00:34.0,2019.10.16 23:05:43,2019.10.22,第一週
84位,召喚師,Ann枒,00:53.90,2019.10.16 11:37:44,2019.10.22,第一週
84位,拳士,看旁邊,00:55.20,2019.10.17 00:58:29,2019.10.22,第一週
84位,鬥士,RonPredator,00:59.80,2019.10.16 22:11:02,2019.10.22,第一週
84位,咒術師,寂寞蒼茫,01:00.20,2019.10.17 04:07:54,2019.10.22,第一週
84位,燐劍士,采歆?,01:01.0,2019.10.16 22:50:26,2019.10.22,第一週
84位,氣功士,紅魔族惠惠,01:02.80,2019.10.17 02:02:21,2019.10.22,第一週
84位,槍擊士,黛芙路,01:12.40,2019.10.22 01:52:09,2019.10.22,第一週
84位,力士,nFtSg?空空?,01:14.40,2019.10.17 05:55:35,2019.10.22,第一週
84位,刺客,卑鳴呼呼飛走,01:27.90,2019.10.21 15:07:30,2019.10.22,第一週
84位,弓箭手,小姊姊我來了,01:40.10,2019.10.20 01:06:45,2019.10.22,第一週
84位,乾坤士,MeiMei的Mei,01:58.30,2019.10.19 19:17:38,2019.10.22,第一週
85位,劍士,劍么?,00:34.20,2019.10.17 20:10:30,2019.10.22,第一週
85位,召喚師,姍珊可愛,00:54.30,2019.10.18 00:47:22,2019.10.22,第一週
85位,拳士,毅絕,00:55.20,2019.10.17 03:52:03,2019.10.22,第一週
85位,鬥士,懺悔悲鳴,00:59.80,2019.10.22 04:16:52,2019.10.22,第一週
85位,咒術師,湘語霏,01:00.40,2019.10.19 17:31:08,2019.10.22,第一週
85位,燐劍士,佐久,01:01.80,2019.10.18 11:48:12,2019.10.22,第一週
85位,氣功士,拉斐爾?晴,01:03.20,2019.10.20 22:35:17,2019.10.22,第一週
85位,槍擊士,煙雨鈴,01:12.80,2019.10.20 08:58:14,2019.10.22,第一週
85位,力士,黑公子,01:14.50,2019.10.20 19:23:37,2019.10.22,第一週
85位,刺客,Original豆漿,01:28.0,2019.10.16 23:16:21,2019.10.22,第一週
85位,弓箭手,槿?,01:40.20,2019.10.20 11:57:22,2019.10.22,第一週
85位,乾坤士,名刀?壓切,01:59.30,2019.10.18 19:22:21,2019.10.22,第一週
86位,劍士,HyunV,00:34.20,2019.10.20 20:59:11,2019.10.22,第一週
86位,召喚師,貓貓小,00:54.30,2019.10.19 02:56:02,2019.10.22,第一週
86位,拳士,秦遨瑤,00:55.30,2019.10.16 18:48:46,2019.10.22,第一週
86位,咒術師,踢耳咻咻,01:00.50,2019.10.16 21:13:16,2019.10.22,第一週
86位,鬥士,?紜纋?,01:00.60,2019.10.17 22:26:37,2019.10.22,第一週
86位,燐劍士,Altair?浩世,01:01.80,2019.10.21 00:27:09,2019.10.22,第一週
86位,氣功士,俏麗嗎?,01:03.30,2019.10.16 23:01:28,2019.10.22,第一週
86位,槍擊士,冪貓貓,01:13.30,2019.10.16 21:42:07,2019.10.22,第一週
86位,力士,何境風聲,01:15.0,2019.10.17 02:21:30,2019.10.22,第一週
86位,刺客,瑪涅芭,01:28.40,2019.10.20 01:20:56,2019.10.22,第一週
86位,弓箭手,Scorpio?無羽箭,01:41.40,2019.10.21 19:11:20,2019.10.22,第一週
86位,乾坤士,全形空白,02:01.0,2019.10.18 22:30:24,2019.10.22,第一週
87位,劍士,啤酒喝到爽,00:34.50,2019.10.21 19:18:22,2019.10.22,第一週
87位,召喚師,踮起腳尖愛?,00:54.70,2019.10.20 16:24:06,2019.10.22,第一週
87位,拳士,洛無境,00:55.30,2019.10.21 20:28:43,2019.10.22,第一週
87位,鬥士,飄洋?過海,01:00.60,2019.10.21 20:39:48,2019.10.22,第一週
87位,咒術師,星沁沁娃,01:00.80,2019.10.21 01:04:44,2019.10.22,第一週
87位,燐劍士,悠雪?,01:01.90,2019.10.18 09:45:43,2019.10.22,第一週
87位,氣功士,露希薇雅,01:03.50,2019.10.22 04:32:55,2019.10.22,第一週
87位,槍擊士,明果兒?,01:13.60,2019.10.21 22:05:53,2019.10.22,第一週
87位,力士,白鬍子海賊,01:15.0,2019.10.21 11:56:18,2019.10.22,第一週
87位,刺客,北宮雪兒,01:28.50,2019.10.21 18:53:22,2019.10.22,第一週
87位,弓箭手,江湖人稱?賭怪,01:42.0,2019.10.20 02:02:30,2019.10.22,第一週
87位,乾坤士,艾姆梅魯,02:02.20,2019.10.17 21:13:22,2019.10.22,第一週
88位,劍士,邱黎,00:34.70,2019.10.17 22:02:50,2019.10.22,第一週
88位,召喚師,養老團團長,00:54.70,2019.10.21 22:51:06,2019.10.22,第一週
88位,拳士,Queenic,00:55.70,2019.10.21 21:00:00,2019.10.22,第一週
88位,鬥士,騷比里亞,01:00.70,2019.10.20 09:55:48,2019.10.22,第一週
88位,咒術師,?奶茶?,01:01.10,2019.10.19 03:10:08,2019.10.22,第一週
88位,燐劍士,嘶月月?,01:01.90,2019.10.21 16:21:53,2019.10.22,第一週
88位,氣功士,歌嵐,01:03.70,2019.10.17 16:26:18,2019.10.22,第一週
88位,槍擊士,蘇茯,01:13.80,2019.10.19 23:47:42,2019.10.22,第一週
88位,力士,更衣,01:15.20,2019.10.17 01:39:41,2019.10.22,第一週
88位,刺客,瘦瘦4ni,01:29.80,2019.10.16 11:33:08,2019.10.22,第一週
88位,弓箭手,羿睨?汐,01:42.60,2019.10.16 12:13:01,2019.10.22,第一週
88位,乾坤士,?璃,02:03.20,2019.10.17 00:30:06,2019.10.22,第一週
89位,劍士,杰杰?,00:34.80,2019.10.17 18:00:47,2019.10.22,第一週
89位,召喚師,慕繣?,00:54.80,2019.10.18 01:52:53,2019.10.22,第一週
89位,拳士,Leidixiya,00:56.40,2019.10.16 19:11:29,2019.10.22,第一週
89位,咒術師,這麼可愛一定是女生,01:01.20,2019.10.17 20:03:05,2019.10.22,第一週
89位,鬥士,素所希求,01:01.30,2019.10.19 11:34:08,2019.10.22,第一週
89位,燐劍士,神鬼憩?鳴?,01:02.20,2019.10.20 01:36:09,2019.10.22,第一週
89位,氣功士,小精靈咚咚,01:04.20,2019.10.20 23:19:45,2019.10.22,第一週
89位,槍擊士,別摸我二筒,01:13.90,2019.10.21 18:13:46,2019.10.22,第一週
89位,力士,幻霧朧,01:15.90,2019.10.18 08:39:26,2019.10.22,第一週
89位,刺客,Sillver鬼,01:30.30,2019.10.16 17:06:26,2019.10.22,第一週
89位,弓箭手,果??,01:42.60,2019.10.18 20:15:50,2019.10.22,第一週
89位,乾坤士,朱音奈,02:03.20,2019.10.21 22:11:07,2019.10.22,第一週
90位,劍士,草唲?,00:35.10,2019.10.16 19:16:38,2019.10.22,第一週
90位,召喚師,啵啵哩,00:54.80,2019.10.20 08:55:55,2019.10.22,第一週
90位,拳士,孤城淚,00:56.70,2019.10.16 22:17:33,2019.10.22,第一週
90位,咒術師,別K我我是魚,01:01.30,2019.10.21 19:57:34,2019.10.22,第一週
90位,鬥士,青山蝶夢,01:01.60,2019.10.18 12:10:22,2019.10.22,第一週
90位,燐劍士,蛋白質狗狗,01:02.50,2019.10.17 20:34:49,2019.10.22,第一週
90位,氣功士,弦羚,01:04.30,2019.10.18 08:03:08,2019.10.22,第一週
90位,槍擊士,瑞秋?雪菲爾,01:14.0,2019.10.16 13:42:54,2019.10.22,第一週
90位,力士,利媞會動,01:17.30,2019.10.17 00:30:48,2019.10.22,第一週
90位,刺客,村井秀介,01:30.40,2019.10.17 19:50:34,2019.10.22,第一週
90位,弓箭手,弓箭喵,01:42.60,2019.10.21 19:14:21,2019.10.22,第一週
90位,乾坤士,小戰士喵彈,02:03.80,2019.10.17 00:35:08,2019.10.22,第一週
91位,劍士,小瓜?,00:35.10,2019.10.16 22:26:25,2019.10.22,第一週
91位,召喚師,汀小禧?,00:55.20,2019.10.16 13:59:19,2019.10.22,第一週
91位,拳士,柚寒星,00:56.70,2019.10.17 20:24:26,2019.10.22,第一週
91位,咒術師,風小莫,01:01.60,2019.10.16 15:37:57,2019.10.22,第一週
91位,鬥士,悅芯光柔,01:01.80,2019.10.19 12:07:37,2019.10.22,第一週
91位,燐劍士,我就是逗逗,01:02.80,2019.10.18 12:41:24,2019.10.22,第一週
91位,氣功士,繫羽?,01:04.90,2019.10.19 22:07:52,2019.10.22,第一週
91位,槍擊士,槍手露兒,01:14.30,2019.10.16 21:04:00,2019.10.22,第一週
91位,力士,免費線上學英文,01:17.60,2019.10.17 22:23:46,2019.10.22,第一週
91位,刺客,刺客x膝蓋嚇一跳,01:30.60,2019.10.17 20:03:47,2019.10.22,第一週
91位,弓箭手,紫芯蓮,01:43.90,2019.10.18 05:02:40,2019.10.22,第一週
91位,乾坤士,舞動小草,02:04.50,2019.10.17 19:05:04,2019.10.22,第一週
92位,劍士,枷栯,00:35.10,2019.10.20 22:12:03,2019.10.22,第一週
92位,召喚師,蝶瑀?,00:55.70,2019.10.17 21:39:31,2019.10.22,第一週
92位,拳士,君?,00:56.90,2019.10.17 01:47:17,2019.10.22,第一週
92位,咒術師,澄戀羽,01:02.10,2019.10.17 01:35:01,2019.10.22,第一週
92位,鬥士,瑄兒o,01:02.40,2019.10.20 12:52:27,2019.10.22,第一週
92位,燐劍士,遊蓁,01:03.80,2019.10.17 00:06:42,2019.10.22,第一週
92位,氣功士,乂永恆之伊綱乂,01:05.30,2019.10.19 09:57:54,2019.10.22,第一週
92位,槍擊士,巴洛泣?,01:14.80,2019.10.16 23:10:33,2019.10.22,第一週
92位,力士,湘唲?,01:17.70,2019.10.17 18:03:18,2019.10.22,第一週
92位,刺客,薯小悠?,01:30.70,2019.10.18 21:44:59,2019.10.22,第一週
92位,弓箭手,螢挽,01:44.60,2019.10.18 06:55:56,2019.10.22,第一週
92位,乾坤士,沐仙,02:08.20,2019.10.17 10:38:26,2019.10.22,第一週
93位,劍士,僾玥璃?,00:35.20,2019.10.18 01:17:45,2019.10.22,第一週
93位,召喚師,海苔鮮蝦捲,00:56.10,2019.10.21 17:11:37,2019.10.22,第一週
93位,拳士,漂洋過海來看妳,00:56.90,2019.10.21 21:21:47,2019.10.22,第一週
93位,咒術師,陳美米,01:02.20,2019.10.18 23:38:11,2019.10.22,第一週
93位,鬥士,此彼相思樹,01:02.50,2019.10.21 09:21:58,2019.10.22,第一週
93位,燐劍士,咕狗,01:03.80,2019.10.19 19:10:49,2019.10.22,第一週
93位,氣功士,一色堇,01:05.60,2019.10.17 23:41:47,2019.10.22,第一週
93位,槍擊士,?糖柳橙冰淇淋,01:14.90,2019.10.19 21:44:56,2019.10.22,第一週
93位,力士,抱厲鬼,01:18.20,2019.10.16 22:39:37,2019.10.22,第一週
93位,刺客,蒼無羽,01:30.70,2019.10.20 12:35:12,2019.10.22,第一週
93位,弓箭手,混血奶酪,01:44.80,2019.10.18 22:13:24,2019.10.22,第一週
93位,乾坤士,巧老虎,02:08.50,2019.10.17 02:11:01,2019.10.22,第一週
94位,劍士,如月緋雪端紫斑蝶,00:35.70,2019.10.20 11:32:49,2019.10.22,第一週
94位,召喚師,BK,00:56.10,2019.10.22 03:26:15,2019.10.22,第一週
94位,拳士,月磷風雪,00:57.10,2019.10.17 22:15:56,2019.10.22,第一週
94位,咒術師,?Um,01:02.40,2019.10.17 19:42:25,2019.10.22,第一週
94位,鬥士,思內遊,01:03.60,2019.10.21 10:51:34,2019.10.22,第一週
94位,燐劍士,野羅,01:04.20,2019.10.19 02:07:07,2019.10.22,第一週
94位,氣功士,聶小青,01:05.70,2019.10.16 17:20:24,2019.10.22,第一週
94位,槍擊士,紫藍之月,01:15.40,2019.10.18 21:07:14,2019.10.22,第一週
94位,力士,蘿莎莉絲,01:19.10,2019.10.16 17:39:26,2019.10.22,第一週
94位,刺客,燒肉?菸,01:31.10,2019.10.16 22:09:19,2019.10.22,第一週
94位,弓箭手,鬼零霄,01:44.90,2019.10.20 20:01:47,2019.10.22,第一週
94位,乾坤士,莫默拉?,02:08.90,2019.10.21 22:37:54,2019.10.22,第一週
95位,劍士,雪天妘,00:35.80,2019.10.21 23:10:34,2019.10.22,第一週
95位,召喚師,蘇打蜜?,00:56.50,2019.10.20 02:19:26,2019.10.22,第一週
95位,拳士,內用妳的微笑?外帶妳的心,00:57.10,2019.10.19 13:22:08,2019.10.22,第一週
95位,咒術師,放肆精靈,01:02.60,2019.10.22 01:39:38,2019.10.22,第一週
95位,鬥士,紫紜天,01:03.80,2019.10.16 12:27:29,2019.10.22,第一週
95位,燐劍士,紫羽滄,01:04.30,2019.10.18 19:23:25,2019.10.22,第一週
95位,氣功士,o噹噹o,01:06.20,2019.10.18 22:15:26,2019.10.22,第一週
95位,槍擊士,赤龍白夜,01:15.70,2019.10.18 20:22:17,2019.10.22,第一週
95位,力士,Kirito乂絮楓,01:19.30,2019.10.17 07:30:32,2019.10.22,第一週
95位,刺客,Nesaka,01:32.10,2019.10.20 02:45:43,2019.10.22,第一週
95位,弓箭手,RW?絕於岑,01:46.10,2019.10.17 02:20:55,2019.10.22,第一週
95位,乾坤士,拉庫薩斯,02:11.50,2019.10.17 22:19:57,2019.10.22,第一週
96位,劍士,Oo艾克高爾oO,00:36.20,2019.10.19 10:38:34,2019.10.22,第一週
96位,召喚師,雪見?,00:56.60,2019.10.18 23:21:29,2019.10.22,第一週
96位,拳士,朕?射妳無罪,00:57.30,2019.10.16 20:06:01,2019.10.22,第一週
96位,咒術師,御魁影,01:03.40,2019.10.17 19:03:23,2019.10.22,第一週
96位,鬥士,噬?,01:03.90,2019.10.18 22:34:42,2019.10.22,第一週
96位,燐劍士,葉色真美,01:04.70,2019.10.19 01:42:12,2019.10.22,第一週
96位,氣功士,小馴鹿,01:06.80,2019.10.16 21:02:41,2019.10.22,第一週
96位,槍擊士,紅豆抹茶冰淇淋可麗餅,01:15.70,2019.10.19 10:08:05,2019.10.22,第一週
96位,力士,阿迪仔?,01:19.60,2019.10.17 21:30:11,2019.10.22,第一週
96位,刺客,甦蒔,01:33.50,2019.10.20 23:51:12,2019.10.22,第一週
96位,弓箭手,滅蚊姬,01:46.40,2019.10.17 10:44:45,2019.10.22,第一週
96位,乾坤士,小魚OvO,02:11.80,2019.10.17 23:47:28,2019.10.22,第一週
97位,劍士,宇智波宣兒o,00:36.50,2019.10.17 13:54:31,2019.10.22,第一週
97位,召喚師,波德琳,00:56.70,2019.10.17 20:18:01,2019.10.22,第一週
97位,拳士,胖貓?,00:58.0,2019.10.16 23:56:46,2019.10.22,第一週
97位,咒術師,你知不知道甚麼是噹噹噹噹,01:03.80,2019.10.18 12:16:15,2019.10.22,第一週
97位,鬥士,黑血姬,01:04.50,2019.10.21 22:45:51,2019.10.22,第一週
97位,燐劍士,棗琉璃,01:04.70,2019.10.19 01:43:03,2019.10.22,第一週
97位,氣功士,回眸一遍你,01:06.90,2019.10.17 23:39:07,2019.10.22,第一週
97位,槍擊士,Estarona,01:15.70,2019.10.19 15:24:57,2019.10.22,第一週
97位,力士,絕情浪子,01:20.20,2019.10.16 11:35:04,2019.10.22,第一週
97位,刺客,賈霸倘喝綑,01:35.60,2019.10.16 21:48:58,2019.10.22,第一週
97位,弓箭手,晴心翎,01:46.40,2019.10.18 20:27:23,2019.10.22,第一週
97位,乾坤士,珺澄,02:12.0,2019.10.16 18:23:26,2019.10.22,第一週
98位,劍士,???,00:36.90,2019.10.21 16:45:40,2019.10.22,第一週
98位,召喚師,?安,00:56.70,2019.10.21 02:16:13,2019.10.22,第一週
98位,拳士,文舞,00:58.30,2019.10.17 20:02:55,2019.10.22,第一週
98位,咒術師,o青丘白淺o,01:04.0,2019.10.16 18:52:24,2019.10.22,第一週
98位,鬥士,不買單的趙公子,01:04.70,2019.10.16 20:28:17,2019.10.22,第一週
98位,燐劍士,一夜醉語,01:04.90,2019.10.17 23:41:46,2019.10.22,第一週
98位,氣功士,音悟涼子,01:07.30,2019.10.17 22:44:04,2019.10.22,第一週
98位,槍擊士,羋玥?,01:16.80,2019.10.16 20:26:19,2019.10.22,第一週
98位,力士,洗手間,01:20.20,2019.10.17 00:42:38,2019.10.22,第一週
98位,刺客,妲兔,01:35.80,2019.10.20 12:26:39,2019.10.22,第一週
98位,弓箭手,?坦克的?塔?,01:47.0,2019.10.21 00:00:35,2019.10.22,第一週
98位,乾坤士,清風映月,02:12.20,2019.10.18 04:27:48,2019.10.22,第一週
99位,劍士,蒂德莉雅,00:37.20,2019.10.17 01:56:04,2019.10.22,第一週
99位,召喚師,優??,00:57.20,2019.10.16 21:41:17,2019.10.22,第一週
99位,拳士,兇神霸道,00:58.40,2019.10.22 00:11:36,2019.10.22,第一週
99位,咒術師,媚魔女,01:04.10,2019.10.19 03:35:56,2019.10.22,第一週
99位,鬥士,Mask?橘貓貓,01:04.70,2019.10.20 12:44:02,2019.10.22,第一週
99位,燐劍士,o伊佐那紫o,01:05.50,2019.10.19 15:39:47,2019.10.22,第一週
99位,氣功士,Zephyr?璃夏,01:08.20,2019.10.18 00:50:44,2019.10.22,第一週
99位,槍擊士,?雲淡風輕?,01:17.70,2019.10.21 21:28:59,2019.10.22,第一週
99位,力士,34號規則,01:20.70,2019.10.19 19:44:14,2019.10.22,第一週
99位,刺客,祤莫?,01:38.0,2019.10.16 16:59:42,2019.10.22,第一週
99位,弓箭手,靈鼬?,01:48.10,2019.10.16 21:07:50,2019.10.22,第一週
99位,乾坤士,懿雪芊,02:12.30,2019.10.16 13:40:08,2019.10.22,第一週
100位,劍士,比比儿,00:37.20,2019.10.18 18:55:44,2019.10.22,第一週
100位,召喚師,甜小芙,00:57.30,2019.10.19 23:24:45,2019.10.22,第一週
100位,拳士,泰聖,00:58.80,2019.10.20 22:58:11,2019.10.22,第一週
100位,咒術師,夜漪月,01:04.30,2019.10.17 17:01:14,2019.10.22,第一週
100位,鬥士,啾咪打死大怪獸了,01:05.60,2019.10.19 17:31:26,2019.10.22,第一週
100位,燐劍士,殛刃天翔,01:05.70,2019.10.17 20:32:41,2019.10.22,第一週
100位,氣功士,夏茹芷,01:08.70,2019.10.17 19:43:07,2019.10.22,第一週
100位,槍擊士,熊王子?,01:18.10,2019.10.16 15:31:36,2019.10.22,第一週
100位,力士,明日速水,01:20.80,2019.10.21 20:54:20,2019.10.22,第一週
100位,刺客,官佟?,01:38.10,2019.10.21 10:02:39,2019.10.22,第一週
100位,弓箭手,軒轅逸悅,01:48.30,2019.10.17 20:17:44,2019.10.22,第一週
100位,乾坤士,松本優娜,02:12.50,2019.10.16 21:14:37,2019.10.22,第一週
101位,劍士,愛逗喵的Fish,00:37.40,2019.10.17 20:23:01,2019.10.22,第一週
101位,召喚師,蕾絲?小妹妹,00:57.60,2019.10.17 13:46:27,2019.10.22,第一週
101位,拳士,帕妮托斯,00:58.90,2019.10.20 15:29:22,2019.10.22,第一週
101位,咒術師,檸檬玥,01:04.30,2019.10.21 23:47:11,2019.10.22,第一週
101位,鬥士,梵天殊,01:05.90,2019.10.17 22:13:08,2019.10.22,第一週
101位,燐劍士,悄悄的告訴我,01:06.10,2019.10.16 21:15:15,2019.10.22,第一週
101位,氣功士,黑黑?,01:08.70,2019.10.22 00:41:00,2019.10.22,第一週
101位,槍擊士,MEVIUS?,01:18.50,2019.10.16 22:47:19,2019.10.22,第一週
101位,力士,微瘋?,01:22.0,2019.10.20 00:33:07,2019.10.22,第一週
101位,刺客,真暗神影,01:38.80,2019.10.16 12:06:42,2019.10.22,第一週
101位,弓箭手,优妮?,01:48.40,2019.10.17 18:43:15,2019.10.22,第一週
101位,乾坤士,出發吧,02:13.10,2019.10.16 15:01:47,2019.10.22,第一週
102位,劍士,默樊,00:37.80,2019.10.17 00:58:41,2019.10.22,第一週
102位,召喚師,琉櫻燁,00:57.70,2019.10.18 22:43:13,2019.10.22,第一週
102位,拳士,荷依,00:59.0,2019.10.16 22:06:33,2019.10.22,第一週
102位,咒術師,Noise靜,01:04.50,2019.10.18 19:21:54,2019.10.22,第一週
102位,鬥士,小哥哥?,01:06.20,2019.10.20 19:41:53,2019.10.22,第一週
102位,燐劍士,沫香清奶茶,01:06.40,2019.10.17 19:31:35,2019.10.22,第一週
102位,氣功士,依羅,01:09.0,2019.10.21 23:29:11,2019.10.22,第一週
102位,槍擊士,蒼夜雷,01:19.30,2019.10.17 23:22:17,2019.10.22,第一週
102位,力士,九天?悠悠,01:22.10,2019.10.16 21:08:01,2019.10.22,第一週
102位,刺客,日向梨莎,01:39.10,2019.10.19 00:46:28,2019.10.22,第一週
102位,弓箭手,塵諦,01:48.50,2019.10.21 19:29:37,2019.10.22,第一週
102位,乾坤士,跟著煞氣浣熊動彳動,02:13.50,2019.10.16 19:03:17,2019.10.22,第一週
103位,劍士,妮米亞,00:38.10,2019.10.19 02:24:05,2019.10.22,第一週
103位,召喚師,淚羽依,00:57.80,2019.10.20 16:29:06,2019.10.22,第一週
103位,拳士,豆泥,00:59.20,2019.10.19 01:22:39,2019.10.22,第一週
103位,咒術師,冽痕?,01:04.80,2019.10.18 09:55:07,2019.10.22,第一週
103位,鬥士,鬥神喵OuO,01:06.40,2019.10.21 16:33:36,2019.10.22,第一週
103位,燐劍士,貓耳小蘿莉,01:06.90,2019.10.20 05:07:36,2019.10.22,第一週
103位,氣功士,天青色等煙雨?沒人在等妳,01:09.30,2019.10.19 23:59:24,2019.10.22,第一週
103位,槍擊士,路飛?,01:19.40,2019.10.19 21:05:18,2019.10.22,第一週
103位,力士,?????,01:23.20,2019.10.17 23:08:58,2019.10.22,第一週
103位,刺客,名字只是浮雲,01:39.80,2019.10.20 17:38:24,2019.10.22,第一週
103位,弓箭手,文文喔w,01:48.90,2019.10.16 14:35:51,2019.10.22,第一週
103位,乾坤士,迷途女子,02:15.50,2019.10.18 21:25:32,2019.10.22,第一週
104位,劍士,沐恩?,00:38.40,2019.10.18 10:59:20,2019.10.22,第一週
104位,召喚師,?粉粉?,00:57.80,2019.10.20 20:05:13,2019.10.22,第一週
104位,拳士,阿爾馮斯,00:59.40,2019.10.19 18:44:00,2019.10.22,第一週
104位,咒術師,冰?祁凌,01:04.90,2019.10.17 16:23:45,2019.10.22,第一週
104位,鬥士,義式焦糖奶油千層酥,01:06.40,2019.10.21 18:27:49,2019.10.22,第一週
104位,燐劍士,小輕浮?,01:07.0,2019.10.19 21:27:41,2019.10.22,第一週
104位,氣功士,名刀?白鹿,01:09.50,2019.10.18 18:21:23,2019.10.22,第一週
104位,槍擊士,雨諾?,01:19.80,2019.10.16 23:40:59,2019.10.22,第一週
104位,力士,o醉落夕風o,01:23.60,2019.10.18 00:19:37,2019.10.22,第一週
104位,刺客,雪若冰心,01:41.60,2019.10.18 15:08:39,2019.10.22,第一週
104位,弓箭手,火爆大媽,01:50.40,2019.10.21 20:07:23,2019.10.22,第一週
104位,乾坤士,赫伯特,02:15.60,2019.10.16 23:07:44,2019.10.22,第一週
105位,劍士,宵時雨,00:38.80,2019.10.18 23:46:20,2019.10.22,第一週
105位,召喚師,采薇唯唯,00:58.0,2019.10.21 23:12:00,2019.10.22,第一週
105位,拳士,乂香米寶寶乂,00:59.50,2019.10.16 13:26:56,2019.10.22,第一週
105位,咒術師,霜玥滿天,01:04.90,2019.10.19 17:29:25,2019.10.22,第一週
105位,鬥士,查吉,01:06.50,2019.10.19 20:37:39,2019.10.22,第一週
105位,燐劍士,戀凜芯,01:07.30,2019.10.16 21:17:28,2019.10.22,第一週
105位,氣功士,乂Dreams乂,01:10.0,2019.10.20 13:35:28,2019.10.22,第一週
105位,槍擊士,一阿Q桶麵一,01:19.80,2019.10.19 10:30:12,2019.10.22,第一週
105位,力士,河豚穿泳褲,01:23.60,2019.10.19 18:46:31,2019.10.22,第一週
105位,刺客,千影羽,01:42.0,2019.10.17 00:46:05,2019.10.22,第一週
105位,弓箭手,傾伈?,01:51.0,2019.10.18 22:12:49,2019.10.22,第一週
105位,乾坤士,花瞱蕫樺,02:16.40,2019.10.16 19:13:35,2019.10.22,第一週
106位,劍士,墨羽晴,00:38.90,2019.10.20 12:56:49,2019.10.22,第一週
106位,召喚師,Scotland,00:58.20,2019.10.19 23:12:59,2019.10.22,第一週
106位,拳士,麟月月?,00:59.60,2019.10.17 16:05:17,2019.10.22,第一週
106位,咒術師,雪雪?,01:05.20,2019.10.18 20:22:25,2019.10.22,第一週
106位,鬥士,玲北免費仔,01:06.60,2019.10.21 23:40:47,2019.10.22,第一週
106位,燐劍士,SilverChario,01:08.0,2019.10.17 20:40:49,2019.10.22,第一週
106位,氣功士,神MkCarry,01:10.90,2019.10.20 20:39:26,2019.10.22,第一週
106位,槍擊士,那女孩對我說?,01:20.0,2019.10.17 20:04:35,2019.10.22,第一週
106位,力士,獨孤憶靈,01:24.10,2019.10.16 19:42:36,2019.10.22,第一週
106位,刺客,蟹炒年糕,01:42.10,2019.10.16 19:09:50,2019.10.22,第一週
106位,弓箭手,一本松?葉,01:51.10,2019.10.16 17:43:29,2019.10.22,第一週
106位,乾坤士,河鳥,02:17.40,2019.10.20 18:09:30,2019.10.22,第一週
107位,劍士,Cafe?Racer,00:39.0,2019.10.16 23:50:57,2019.10.22,第一週
107位,召喚師,憂傷兔子,00:58.30,2019.10.16 22:37:58,2019.10.22,第一週
107位,拳士,Shiny祤,00:59.90,2019.10.20 13:24:16,2019.10.22,第一週
107位,咒術師,睿恩,01:05.70,2019.10.20 18:54:52,2019.10.22,第一週
107位,鬥士,?鬥癸,01:06.70,2019.10.20 03:08:03,2019.10.22,第一週
107位,燐劍士,淺月流歌?,01:08.20,2019.10.17 01:29:55,2019.10.22,第一週
107位,氣功士,?芒果冰,01:11.10,2019.10.16 16:00:22,2019.10.22,第一週
107位,槍擊士,藍玥祈,01:20.80,2019.10.18 03:44:55,2019.10.22,第一週
107位,力士,藩y,01:24.30,2019.10.18 07:29:58,2019.10.22,第一週
107位,刺客,武老爹,01:42.20,2019.10.20 12:52:56,2019.10.22,第一週
107位,弓箭手,扁企鵝,01:51.30,2019.10.18 02:02:43,2019.10.22,第一週
107位,乾坤士,霜煉奶球三明治,02:20.60,2019.10.16 19:36:12,2019.10.22,第一週
108位,劍士,屁眼?,00:39.0,2019.10.21 05:50:03,2019.10.22,第一週
108位,召喚師,蒨妡,00:58.30,2019.10.20 23:28:30,2019.10.22,第一週
108位,拳士,貓月月?,01:00.20,2019.10.18 20:59:57,2019.10.22,第一週
108位,咒術師,小雨璃,01:06.0,2019.10.19 13:06:18,2019.10.22,第一週
108位,鬥士,?樊花,01:06.80,2019.10.22 05:56:39,2019.10.22,第一週
108位,燐劍士,安安靜靜?,01:08.20,2019.10.20 22:20:37,2019.10.22,第一週
108位,氣功士,可兒?,01:11.30,2019.10.20 13:02:42,2019.10.22,第一週
108位,槍擊士,冥花月??,01:21.60,2019.10.16 19:47:29,2019.10.22,第一週
108位,力士,Chu?起司棒,01:24.60,2019.10.16 18:08:39,2019.10.22,第一週
108位,刺客,塔巖,01:42.90,2019.10.21 02:12:00,2019.10.22,第一週
108位,弓箭手,愛新肯夢,01:51.50,2019.10.22 04:18:11,2019.10.22,第一週
108位,乾坤士,寒冰壩拳,02:21.90,2019.10.17 02:10:17,2019.10.22,第一週
109位,劍士,轉生,00:39.10,2019.10.20 11:17:03,2019.10.22,第一週
109位,召喚師,菟絲花,00:58.40,2019.10.21 03:12:06,2019.10.22,第一週
109位,拳士,星楓雪,01:00.30,2019.10.18 00:43:06,2019.10.22,第一週
109位,咒術師,布尼尼?,01:06.10,2019.10.17 17:23:34,2019.10.22,第一週
109位,鬥士,櫻島惠琉織,01:07.10,2019.10.18 20:47:15,2019.10.22,第一週
109位,燐劍士,夜宇星空,01:08.30,2019.10.20 16:13:36,2019.10.22,第一週
109位,氣功士,醉花憶聽雨,01:11.30,2019.10.21 17:12:23,2019.10.22,第一週
109位,槍擊士,Panqo,01:22.10,2019.10.21 16:40:52,2019.10.22,第一週
109位,力士,月下小祺,01:25.20,2019.10.19 00:22:59,2019.10.22,第一週
109位,刺客,打工吧竑竑大人,01:43.0,2019.10.22 00:06:28,2019.10.22,第一週
109位,弓箭手,軒轅瑀苵,01:51.90,2019.10.16 19:45:55,2019.10.22,第一週
109位,乾坤士,忌廉肉球,02:21.90,2019.10.18 18:20:58,2019.10.22,第一週
110位,劍士,說什麼,00:39.20,2019.10.18 01:07:50,2019.10.22,第一週
110位,召喚師,Sinuatum?,00:58.90,2019.10.16 23:04:53,2019.10.22,第一週
110位,拳士,TinyDream,01:00.30,2019.10.18 22:23:02,2019.10.22,第一週
110位,咒術師,小強?,01:06.10,2019.10.20 23:13:16,2019.10.22,第一週
110位,鬥士,匚弟?,01:07.20,2019.10.19 23:48:09,2019.10.22,第一週
110位,燐劍士,冷月幻燁,01:08.50,2019.10.16 20:04:05,2019.10.22,第一週
110位,氣功士,楓之暴雨蘿莉,01:11.60,2019.10.19 07:21:41,2019.10.22,第一週
110位,槍擊士,Fantasticnc,01:22.60,2019.10.20 13:35:39,2019.10.22,第一週
110位,力士,真麟太雪,01:26.90,2019.10.17 12:08:35,2019.10.22,第一週
110位,刺客,六錵?,01:43.10,2019.10.16 14:34:17,2019.10.22,第一週
110位,弓箭手,北宮銣錁,01:52.50,2019.10.21 22:15:51,2019.10.22,第一週
110位,乾坤士,艾維卡的星舞,02:22.60,2019.10.17 23:47:54,2019.10.22,第一週
111位,劍士,萌時?,00:39.30,2019.10.18 21:57:42,2019.10.22,第一週
111位,召喚師,Kawaisa萌萌,00:59.80,2019.10.18 05:04:30,2019.10.22,第一週
111位,拳士,瑪莉涅特,01:00.50,2019.10.20 00:14:14,2019.10.22,第一週
111位,咒術師,芮芮?,01:06.80,2019.10.16 21:58:55,2019.10.22,第一週
111位,鬥士,斬你禍根沖馬桶,01:07.30,2019.10.19 15:23:02,2019.10.22,第一週
111位,燐劍士,東京有點熱?,01:08.70,2019.10.22 00:14:06,2019.10.22,第一週
111位,氣功士,闇雪比兒,01:12.0,2019.10.20 02:47:35,2019.10.22,第一週
111位,槍擊士,初心?,01:23.0,2019.10.19 18:17:35,2019.10.22,第一週
111位,力士,弒無痕,01:27.10,2019.10.18 13:22:59,2019.10.22,第一週
111位,刺客,AKaLee,01:43.30,2019.10.20 09:16:56,2019.10.22,第一週
111位,弓箭手,風飛花?,01:52.80,2019.10.16 20:41:43,2019.10.22,第一週
111位,乾坤士,三分長相七分妝,02:26.0,2019.10.16 23:34:38,2019.10.22,第一週
112位,劍士,雪欣,00:39.60,2019.10.16 21:33:33,2019.10.22,第一週
112位,召喚師,啟示錄摩亞,01:00.50,2019.10.22 00:04:50,2019.10.22,第一週
112位,拳士,莖莖?,01:00.90,2019.10.20 13:14:29,2019.10.22,第一週
112位,咒術師,安室綾,01:06.80,2019.10.19 08:00:17,2019.10.22,第一週
112位,鬥士,TaurusY?,01:07.50,2019.10.19 23:03:59,2019.10.22,第一週
112位,燐劍士,leedrf1,01:09.40,2019.10.19 23:19:27,2019.10.22,第一週
112位,氣功士,新鮮的小鮮肉,01:12.40,2019.10.20 18:04:55,2019.10.22,第一週
112位,槍擊士,夜貓?空,01:23.10,2019.10.19 02:53:08,2019.10.22,第一週
112位,力士,鼠翹翹?,01:28.40,2019.10.16 18:41:45,2019.10.22,第一週
112位,刺客,星天螢火,01:44.40,2019.10.19 16:54:45,2019.10.22,第一週
112位,弓箭手,白特圖,01:53.60,2019.10.18 22:41:58,2019.10.22,第一週
112位,乾坤士,終末論,02:26.60,2019.10.20 02:32:37,2019.10.22,第一週
113位,劍士,楓筑,00:39.70,2019.10.17 22:48:45,2019.10.22,第一週
113位,拳士,濕情畫液,01:00.90,2019.10.21 19:40:52,2019.10.22,第一週
113位,召喚師,蒼谷墨,01:00.90,2019.10.16 23:24:43,2019.10.22,第一週
113位,咒術師,PoloWen?歪,01:06.90,2019.10.16 17:40:21,2019.10.22,第一週
113位,鬥士,傾城雪?,01:07.70,2019.10.22 01:13:29,2019.10.22,第一週
113位,燐劍士,草泥呆,01:09.50,2019.10.16 19:22:18,2019.10.22,第一週
113位,氣功士,詩穗梨,01:12.50,2019.10.20 05:01:58,2019.10.22,第一週
113位,槍擊士,金雞BY,01:23.20,2019.10.17 22:56:23,2019.10.22,第一週
113位,力士,玄璃星君,01:28.50,2019.10.17 07:18:23,2019.10.22,第一週
113位,刺客,咕嚕貓x,01:47.0,2019.10.20 21:08:09,2019.10.22,第一週
113位,弓箭手,穹?,01:53.80,2019.10.20 19:15:45,2019.10.22,第一週
113位,乾坤士,櫻花?雪,02:29.40,2019.10.17 00:05:19,2019.10.22,第一週
114位,劍士,絮語夢落淡寂塵?,00:39.80,2019.10.17 15:46:52,2019.10.22,第一週
114位,召喚師,實列永恆,01:01.0,2019.10.17 17:04:01,2019.10.22,第一週
114位,拳士,微糖多綠,01:01.10,2019.10.18 11:04:18,2019.10.22,第一週
114位,咒術師,此岸花未開,01:07.0,2019.10.19 23:24:35,2019.10.22,第一週
114位,鬥士,ChihayaQwQ,01:08.0,2019.10.16 18:47:59,2019.10.22,第一週
114位,燐劍士,扣扣走,01:09.80,2019.10.16 11:59:50,2019.10.22,第一週
114位,氣功士,鶹鴯,01:12.80,2019.10.18 19:59:16,2019.10.22,第一週
114位,槍擊士,白粉茉,01:23.50,2019.10.17 21:58:51,2019.10.22,第一週
114位,力士,小玥,01:29.10,2019.10.17 23:37:14,2019.10.22,第一週
114位,刺客,風暴影子,01:47.10,2019.10.17 19:41:35,2019.10.22,第一週
114位,弓箭手,破邪清真?森蘭丸,01:53.90,2019.10.18 04:43:11,2019.10.22,第一週
114位,乾坤士,幾多對持續愛到幾多歲?,02:30.80,2019.10.16 16:03:48,2019.10.22,第一週
115位,劍士,小MM?,00:39.90,2019.10.21 19:17:18,2019.10.22,第一週
115位,召喚師,果糖QvQ,01:01.0,2019.10.19 19:50:31,2019.10.22,第一週
115位,拳士,小Ding,01:01.60,2019.10.17 02:41:33,2019.10.22,第一週
115位,咒術師,翻歐,01:07.40,2019.10.22 01:15:20,2019.10.22,第一週
115位,鬥士,乖乖?,01:08.10,2019.10.16 23:36:25,2019.10.22,第一週
115位,燐劍士,日川和,01:09.80,2019.10.17 02:33:41,2019.10.22,第一週
115位,氣功士,初念?,01:13.0,2019.10.16 22:40:48,2019.10.22,第一週
115位,槍擊士,xToosakaRinx,01:23.60,2019.10.16 23:33:50,2019.10.22,第一週
115位,力士,大大大大大金光?,01:29.10,2019.10.20 08:43:34,2019.10.22,第一週
115位,刺客,小摧,01:47.10,2019.10.19 19:37:24,2019.10.22,第一週
115位,弓箭手,?夏洛特,01:54.40,2019.10.18 18:22:32,2019.10.22,第一週
115位,乾坤士,喬妍玉,02:33.10,2019.10.20 03:32:46,2019.10.22,第一週
116位,劍士,silent爻雷,00:40.10,2019.10.18 19:53:36,2019.10.22,第一週
116位,召喚師,Maemii,01:01.20,2019.10.16 22:12:48,2019.10.22,第一週
116位,拳士,溫柔月天使,01:01.90,2019.10.16 23:40:23,2019.10.22,第一週
116位,咒術師,茶花雀,01:07.70,2019.10.21 20:33:54,2019.10.22,第一週
116位,鬥士,Waltraute?,01:08.40,2019.10.19 23:06:48,2019.10.22,第一週
116位,燐劍士,鶇煠,01:10.10,2019.10.22 00:55:41,2019.10.22,第一週
116位,氣功士,薇莉亞,01:13.50,2019.10.18 23:06:04,2019.10.22,第一週
116位,槍擊士,血洗幼稚?K,01:23.90,2019.10.20 16:54:05,2019.10.22,第一週
116位,力士,Seraphim乂熾天使,01:29.30,2019.10.17 21:12:23,2019.10.22,第一週
116位,刺客,清水純綾,01:47.90,2019.10.20 01:17:26,2019.10.22,第一週
116位,弓箭手,宥妡?,01:54.70,2019.10.20 17:26:28,2019.10.22,第一週
116位,乾坤士,嵐羽歆,02:34.20,2019.10.17 03:44:52,2019.10.22,第一週
117位,劍士,城市不築敗市有瑜,00:40.20,2019.10.21 20:14:28,2019.10.22,第一週
117位,召喚師,SYeon,01:01.20,2019.10.21 22:27:56,2019.10.22,第一週
117位,拳士,酷龍?,01:02.30,2019.10.20 13:30:49,2019.10.22,第一週
117位,咒術師,湜凝,01:07.80,2019.10.16 22:24:42,2019.10.22,第一週
117位,鬥士,默玥?,01:08.90,2019.10.19 18:30:50,2019.10.22,第一週
117位,燐劍士,請勿撲倒餵食,01:10.20,2019.10.17 22:28:31,2019.10.22,第一週
117位,氣功士,一鈴音一,01:13.60,2019.10.20 23:10:50,2019.10.22,第一週
117位,槍擊士,沐煦,01:24.60,2019.10.17 21:13:31,2019.10.22,第一週
117位,力士,娜帝,01:29.80,2019.10.21 23:07:48,2019.10.22,第一週
117位,刺客,粿鹿?,01:48.60,2019.10.21 22:24:37,2019.10.22,第一週
117位,弓箭手,愛蕾歐諾拉,01:55.0,2019.10.17 21:53:59,2019.10.22,第一週
117位,乾坤士,上原白?,02:34.60,2019.10.17 05:43:01,2019.10.22,第一週
118位,劍士,蕉?,00:40.20,2019.10.21 23:22:48,2019.10.22,第一週
118位,召喚師,夢奈雪戀,01:01.30,2019.10.19 16:46:55,2019.10.22,第一週
118位,拳士,末敵,01:02.40,2019.10.17 05:37:04,2019.10.22,第一週
118位,咒術師,凜??,01:07.80,2019.10.19 00:03:54,2019.10.22,第一週
118位,鬥士,知識就是力量培根就是熱量,01:09.10,2019.10.18 21:36:46,2019.10.22,第一週
118位,燐劍士,妹惑天空,01:10.60,2019.10.19 23:19:53,2019.10.22,第一週
118位,氣功士,夢天?,01:13.70,2019.10.17 00:11:13,2019.10.22,第一週
118位,槍擊士,若新?,01:24.60,2019.10.21 19:55:41,2019.10.22,第一週
118位,力士,婭莉克爾,01:31.0,2019.10.16 20:36:53,2019.10.22,第一週
118位,刺客,完美抄蛋,01:49.40,2019.10.21 21:58:47,2019.10.22,第一週
118位,弓箭手,夜予晴?,01:55.0,2019.10.21 20:43:22,2019.10.22,第一週
118位,乾坤士,夜凜櫻,02:35.20,2019.10.16 18:57:10,2019.10.22,第一週
119位,劍士,永恆的存在,00:40.30,2019.10.20 20:18:35,2019.10.22,第一週
119位,召喚師,雪喵,01:01.60,2019.10.19 04:07:40,2019.10.22,第一週
119位,拳士,叮咚的,01:02.40,2019.10.18 12:11:28,2019.10.22,第一週
119位,咒術師,韓宇緋,01:07.90,2019.10.16 19:34:17,2019.10.22,第一週
119位,鬥士,小街?,01:09.20,2019.10.16 21:26:32,2019.10.22,第一週
119位,燐劍士,方方?,01:10.80,2019.10.16 20:23:24,2019.10.22,第一週
119位,氣功士,激熱,01:13.80,2019.10.19 18:22:02,2019.10.22,第一週
119位,槍擊士,?花?雨,01:24.90,2019.10.17 20:51:16,2019.10.22,第一週
119位,力士,?目梓,01:33.10,2019.10.19 11:45:05,2019.10.22,第一週
119位,刺客,四凰羽,01:50.70,2019.10.16 23:42:49,2019.10.22,第一週
119位,弓箭手,燼昔年,01:55.10,2019.10.18 21:15:09,2019.10.22,第一週
119位,乾坤士,HuyenHannie,02:37.50,2019.10.19 15:10:40,2019.10.22,第一週
120位,劍士,Embrace?一斬,00:40.40,2019.10.17 20:33:11,2019.10.22,第一週
120位,召喚師,蝦月月?,01:01.60,2019.10.21 00:50:54,2019.10.22,第一週
120位,拳士,幻炎x,01:02.70,2019.10.22 00:19:14,2019.10.22,第一週
120位,咒術師,雅斯塔,01:07.90,2019.10.19 19:33:29,2019.10.22,第一週
120位,鬥士,SiaChi彧,01:09.30,2019.10.17 19:29:56,2019.10.22,第一週
120位,燐劍士,嘯嘯,01:11.30,2019.10.16 18:06:19,2019.10.22,第一週
120位,氣功士,?雪雪布蕾?,01:13.90,2019.10.17 21:01:17,2019.10.22,第一週
120位,槍擊士,卡哇斑嘎?波,01:25.0,2019.10.17 03:01:30,2019.10.22,第一週
120位,力士,祆泰?,01:33.30,2019.10.19 01:54:53,2019.10.22,第一週
120位,刺客,Deity艾斯,01:51.30,2019.10.16 22:16:51,2019.10.22,第一週
120位,弓箭手,無雙一箭,01:55.20,2019.10.16 16:21:19,2019.10.22,第一週
120位,乾坤士,夏羽忻,02:38.70,2019.10.17 16:44:04,2019.10.22,第一週
121位,劍士,?繫羽,00:40.50,2019.10.16 12:46:23,2019.10.22,第一週
121位,召喚師,AiKun?花,01:01.70,2019.10.20 23:54:30,2019.10.22,第一週
121位,拳士,雪淚,01:03.0,2019.10.18 01:54:36,2019.10.22,第一週
121位,咒術師,千草露璐,01:08.30,2019.10.17 16:15:18,2019.10.22,第一週
121位,鬥士,滴滴答答吹喇叭,01:09.60,2019.10.21 19:02:03,2019.10.22,第一週
121位,燐劍士,迷路的妖精,01:11.70,2019.10.19 10:53:23,2019.10.22,第一週
121位,氣功士,IRIZA,01:14.50,2019.10.18 23:00:42,2019.10.22,第一週
121位,槍擊士,I冬眠狗I,01:25.40,2019.10.17 21:33:00,2019.10.22,第一週
121位,力士,?Y?,01:33.40,2019.10.17 21:28:08,2019.10.22,第一週
121位,刺客,NaZawsze,01:53.40,2019.10.20 19:03:18,2019.10.22,第一週
121位,弓箭手,龍龍66,01:55.90,2019.10.21 03:42:31,2019.10.22,第一週
121位,乾坤士,緋月翎蝶,02:39.60,2019.10.17 05:58:31,2019.10.22,第一週
122位,劍士,菲雷姆,00:40.60,2019.10.21 18:09:24,2019.10.22,第一週
122位,召喚師,尹子綾,01:02.10,2019.10.18 21:56:20,2019.10.22,第一週
122位,拳士,詠春,01:03.30,2019.10.19 20:22:22,2019.10.22,第一週
122位,咒術師,淺沫清漓?,01:08.60,2019.10.16 22:21:57,2019.10.22,第一週
122位,鬥士,玲琦玥,01:10.0,2019.10.16 20:47:02,2019.10.22,第一週
122位,燐劍士,維特夏,01:12.10,2019.10.17 19:24:54,2019.10.22,第一週
122位,氣功士,哇靠操我的菜,01:14.70,2019.10.20 18:36:41,2019.10.22,第一週
122位,槍擊士,Scarborough凡,01:26.0,2019.10.18 12:41:42,2019.10.22,第一週
122位,力士,噬阿弭,01:33.60,2019.10.18 23:32:37,2019.10.22,第一週
122位,刺客,韓涵兒,01:53.50,2019.10.16 22:54:04,2019.10.22,第一週
122位,弓箭手,誰?,01:55.90,2019.10.21 19:45:08,2019.10.22,第一週
122位,乾坤士,酒牛,02:40.70,2019.10.16 22:48:49,2019.10.22,第一週
123位,劍士,仙靈島小師妹,00:40.70,2019.10.19 04:17:33,2019.10.22,第一週
123位,召喚師,情?小非,01:02.30,2019.10.18 00:20:09,2019.10.22,第一週
123位,拳士,煠悠,01:03.80,2019.10.18 10:34:00,2019.10.22,第一週
123位,咒術師,佟潼,01:09.30,2019.10.21 19:45:44,2019.10.22,第一週
123位,鬥士,?MEVIUS,01:10.20,2019.10.21 21:39:20,2019.10.22,第一週
123位,燐劍士,?寒,01:12.40,2019.10.16 21:55:39,2019.10.22,第一週
123位,氣功士,沁雪蝶,01:14.80,2019.10.17 14:34:23,2019.10.22,第一週
123位,槍擊士,愿君勿死,01:26.20,2019.10.16 13:22:12,2019.10.22,第一週
123位,力士,姜怒楓,01:33.90,2019.10.21 00:43:22,2019.10.22,第一週
123位,刺客,牡月星子,01:53.90,2019.10.19 10:11:09,2019.10.22,第一週
123位,弓箭手,草泥鴿,01:56.10,2019.10.16 21:18:48,2019.10.22,第一週
123位,乾坤士,碧鳶?,02:40.90,2019.10.18 04:42:59,2019.10.22,第一週
124位,劍士,四季凰炎,00:40.80,2019.10.17 22:16:28,2019.10.22,第一週
124位,召喚師,QvQiiiiii,01:02.40,2019.10.16 17:26:32,2019.10.22,第一週
124位,拳士,小放肆?,01:03.90,2019.10.17 17:34:42,2019.10.22,第一週
124位,咒術師,冷漠?沁,01:09.50,2019.10.16 13:45:27,2019.10.22,第一週
124位,鬥士,雙雙大隻鬥士佬,01:10.30,2019.10.19 21:31:21,2019.10.22,第一週
124位,燐劍士,瀟瀟暮雨o,01:12.40,2019.10.18 19:47:52,2019.10.22,第一週
124位,氣功士,儿童套餐,01:15.30,2019.10.20 13:26:30,2019.10.22,第一週
124位,槍擊士,天天say咕拜,01:26.30,2019.10.16 21:15:14,2019.10.22,第一週
124位,力士,戰神呂布字奉先,01:33.90,2019.10.21 22:30:27,2019.10.22,第一週
124位,刺客,破痕,01:55.30,2019.10.20 21:53:55,2019.10.22,第一週
124位,弓箭手,碎星暗影,01:57.0,2019.10.18 13:22:00,2019.10.22,第一週
124位,乾坤士,千煬,02:41.0,2019.10.17 14:40:43,2019.10.22,第一週
125位,劍士,Eurya,00:40.80,2019.10.21 20:46:50,2019.10.22,第一週
125位,召喚師,你我他,01:02.60,2019.10.17 00:37:32,2019.10.22,第一週
125位,拳士,一紅中仔一,01:04.80,2019.10.17 15:15:56,2019.10.22,第一週
125位,咒術師,夏珥彌,01:09.50,2019.10.16 21:31:04,2019.10.22,第一週
125位,鬥士,莉普卡,01:10.40,2019.10.17 21:02:51,2019.10.22,第一週
125位,燐劍士,Z火炎焱燚R,01:13.30,2019.10.22 01:50:21,2019.10.22,第一週
125位,氣功士,lilyOWO,01:15.50,2019.10.20 19:23:00,2019.10.22,第一週
125位,槍擊士,無情的情書,01:26.70,2019.10.16 12:09:59,2019.10.22,第一週
125位,力士,風花雪月斬,01:34.0,2019.10.20 01:57:58,2019.10.22,第一週
125位,刺客,ELIEH,01:55.40,2019.10.20 13:03:59,2019.10.22,第一週
125位,弓箭手,榭莉卡,01:57.20,2019.10.16 19:55:39,2019.10.22,第一週
125位,乾坤士,莫莉根,02:41.20,2019.10.18 00:51:02,2019.10.22,第一週
126位,劍士,乳酪戚風蛋糕,00:41.0,2019.10.17 19:01:20,2019.10.22,第一週
126位,召喚師,?小肥樂,01:02.80,2019.10.20 00:20:51,2019.10.22,第一週
126位,拳士,親愛的月月月神,01:05.0,2019.10.21 19:34:57,2019.10.22,第一週
126位,咒術師,咒狂,01:10.10,2019.10.17 20:50:27,2019.10.22,第一週
126位,鬥士,?不赦,01:10.60,2019.10.19 22:57:29,2019.10.22,第一週
126位,燐劍士,粿魚?,01:13.70,2019.10.20 21:37:17,2019.10.22,第一週
126位,氣功士,?弦?,01:15.60,2019.10.16 19:05:44,2019.10.22,第一週
126位,槍擊士,Aphrodite?冰,01:27.10,2019.10.19 03:20:27,2019.10.22,第一週
126位,力士,席香棋,01:34.10,2019.10.19 10:40:04,2019.10.22,第一週
126位,刺客,紫心玥?,01:55.60,2019.10.17 03:06:58,2019.10.22,第一週
126位,弓箭手,小短,01:57.40,2019.10.21 23:16:44,2019.10.22,第一週
126位,乾坤士,造化鐘神秀陰陽割昏曉,02:41.40,2019.10.18 20:42:44,2019.10.22,第一週
127位,劍士,若水之遙,00:41.40,2019.10.20 06:39:38,2019.10.22,第一週
127位,召喚師,愛的小妮妮,01:02.90,2019.10.18 01:59:56,2019.10.22,第一週
127位,拳士,Mizuho,01:05.10,2019.10.19 08:53:44,2019.10.22,第一週
127位,咒術師,雨棠?,01:10.10,2019.10.19 21:53:36,2019.10.22,第一週
127位,鬥士,慕容檸霏,01:11.40,2019.10.16 22:47:49,2019.10.22,第一週
127位,燐劍士,小?洌?,01:14.40,2019.10.17 23:09:39,2019.10.22,第一週
127位,氣功士,紅透半月天,01:15.60,2019.10.21 19:10:29,2019.10.22,第一週
127位,槍擊士,澪沫,01:27.30,2019.10.16 21:52:33,2019.10.22,第一週
127位,力士,一方羅剎,01:34.40,2019.10.17 01:21:48,2019.10.22,第一週
127位,刺客,優霧,01:56.50,2019.10.20 13:23:09,2019.10.22,第一週
127位,弓箭手,一希爾維斯一,01:57.60,2019.10.19 09:38:42,2019.10.22,第一週
127位,乾坤士,Scarlett?蒼嵐,02:41.70,2019.10.16 18:38:50,2019.10.22,第一週
128位,劍士,阿妍卡?,00:41.50,2019.10.17 12:23:59,2019.10.22,第一週
128位,召喚師,武派大,01:03.30,2019.10.16 15:11:31,2019.10.22,第一週
128位,拳士,Yeazi,01:05.40,2019.10.17 01:44:08,2019.10.22,第一週
128位,咒術師,?水狐?,01:11.10,2019.10.17 10:45:42,2019.10.22,第一週
128位,鬥士,LEMON?SALT,01:11.40,2019.10.20 10:08:16,2019.10.22,第一週
128位,燐劍士,動都不想動的胖子,01:14.70,2019.10.18 11:44:26,2019.10.22,第一週
128位,氣功士,殞影,01:15.80,2019.10.18 13:28:19,2019.10.22,第一週
128位,槍擊士,沐紫栩,01:27.40,2019.10.16 19:05:52,2019.10.22,第一週
128位,力士,?闇影之焱?,01:35.60,2019.10.17 02:20:59,2019.10.22,第一週
128位,刺客,冰field,01:56.70,2019.10.18 15:47:33,2019.10.22,第一週
128位,弓箭手,蒔花雪穗,01:57.60,2019.10.20 22:29:47,2019.10.22,第一週
128位,乾坤士,o雪玲o,02:42.0,2019.10.17 02:23:26,2019.10.22,第一週
129位,劍士,苦情方塊酥,00:41.80,2019.10.18 11:24:25,2019.10.22,第一週
129位,召喚師,下黃泉,01:03.40,2019.10.20 13:29:12,2019.10.22,第一週
129位,拳士,伊蕾,01:06.30,2019.10.16 23:16:51,2019.10.22,第一週
129位,咒術師,金貝妻?,01:11.10,2019.10.20 14:57:06,2019.10.22,第一週
129位,鬥士,千姒?,01:11.60,2019.10.19 04:53:52,2019.10.22,第一週
129位,燐劍士,o醉懸月o,01:14.80,2019.10.19 20:20:47,2019.10.22,第一週
129位,氣功士,菜鳥氣功士,01:16.70,2019.10.21 20:45:33,2019.10.22,第一週
129位,槍擊士,Miya搶擊,01:27.70,2019.10.17 15:29:50,2019.10.22,第一週
129位,力士,丸吇不吃魚,01:35.60,2019.10.17 10:33:53,2019.10.22,第一週
129位,刺客,柔漓,01:57.20,2019.10.18 07:58:01,2019.10.22,第一週
129位,弓箭手,艾蘭里亞?風行者,01:58.20,2019.10.21 08:40:22,2019.10.22,第一週
129位,乾坤士,篆刻心頭是妳的名字,02:45.0,2019.10.19 01:02:02,2019.10.22,第一週
130位,劍士,詩杏,00:42.10,2019.10.20 12:34:02,2019.10.22,第一週
130位,召喚師,依落華奏,01:03.40,2019.10.21 23:00:06,2019.10.22,第一週
130位,拳士,鯨嶼,01:06.40,2019.10.18 12:15:53,2019.10.22,第一週
130位,咒術師,稻荷?,01:11.20,2019.10.17 20:51:12,2019.10.22,第一週
130位,鬥士,兔柒柒?,01:11.70,2019.10.17 13:39:01,2019.10.22,第一週
130位,燐劍士,???,01:14.90,2019.10.16 22:22:41,2019.10.22,第一週
130位,氣功士,有翼,01:16.80,2019.10.21 02:31:02,2019.10.22,第一週
130位,槍擊士,焱Lisa,01:27.90,2019.10.20 22:36:28,2019.10.22,第一週
130位,力士,光南大批發,01:35.70,2019.10.18 00:40:42,2019.10.22,第一週
130位,刺客,大土豪,01:57.30,2019.10.16 22:36:07,2019.10.22,第一週
130位,弓箭手,歐氣滿滿的?啊,01:58.60,2019.10.21 15:37:27,2019.10.22,第一週
130位,乾坤士,黑羽彌生,02:45.80,2019.10.20 01:58:16,2019.10.22,第一週
131位,劍士,??痕,00:42.20,2019.10.18 21:52:53,2019.10.22,第一週
131位,召喚師,都薇?,01:03.50,2019.10.19 05:27:16,2019.10.22,第一週
131位,拳士,空白y,01:06.40,2019.10.19 09:13:52,2019.10.22,第一週
131位,咒術師,冬語雪奈,01:11.80,2019.10.17 03:05:46,2019.10.22,第一週
131位,鬥士,MamoruKoe,01:12.40,2019.10.19 00:10:17,2019.10.22,第一週
131位,燐劍士,小手冰??,01:15.70,2019.10.16 20:49:06,2019.10.22,第一週
131位,氣功士,氧氣美女,01:16.90,2019.10.21 18:00:56,2019.10.22,第一週
131位,槍擊士,我就是萌萌的我?,01:28.10,2019.10.21 15:58:23,2019.10.22,第一週
131位,力士,筱皮,01:36.30,2019.10.17 19:59:40,2019.10.22,第一週
131位,弓箭手,?一隻非洲的箭?,01:58.70,2019.10.18 14:49:55,2019.10.22,第一週
131位,刺客,艾克賽蓮,01:58.90,2019.10.21 08:43:31,2019.10.22,第一週
131位,乾坤士,月星移,02:47.30,2019.10.16 18:01:51,2019.10.22,第一週
132位,劍士,Pai?狼哥,00:42.20,2019.10.19 00:26:00,2019.10.22,第一週
132位,召喚師,Antarcticite,01:04.0,2019.10.22 03:39:18,2019.10.22,第一週
132位,拳士,鮪鮪?,01:06.60,2019.10.20 12:49:07,2019.10.22,第一週
132位,咒術師,唯愛kyu,01:11.80,2019.10.21 22:34:21,2019.10.22,第一週
132位,鬥士,南宮雪言,01:12.50,2019.10.20 22:27:56,2019.10.22,第一週
132位,燐劍士,夜靜雨飄緲,01:15.80,2019.10.17 17:57:57,2019.10.22,第一週
132位,氣功士,?晶晶,01:17.10,2019.10.21 13:34:42,2019.10.22,第一週
132位,槍擊士,?北極兔,01:28.40,2019.10.19 18:51:57,2019.10.22,第一週
132位,力士,慕極百秒,01:38.70,2019.10.18 21:31:29,2019.10.22,第一週
132位,弓箭手,落花有意?流水無情,01:59.20,2019.10.16 21:52:38,2019.10.22,第一週
132位,刺客,睡睡覺,01:59.30,2019.10.19 21:11:47,2019.10.22,第一週
132位,乾坤士,虹若嫣然,02:47.50,2019.10.16 21:17:28,2019.10.22,第一週
133位,劍士,NEKO馬卡龍,00:42.50,2019.10.22 00:02:04,2019.10.22,第一週
133位,召喚師,舞嘯月,01:04.10,2019.10.16 21:58:25,2019.10.22,第一週
133位,拳士,十六夜o朔月,01:06.90,2019.10.20 09:19:44,2019.10.22,第一週
133位,咒術師,戀上你的乖,01:12.30,2019.10.18 21:41:46,2019.10.22,第一週
133位,鬥士,緋幽?,01:12.70,2019.10.20 01:56:52,2019.10.22,第一週
133位,燐劍士,Fever莫,01:15.90,2019.10.18 23:01:04,2019.10.22,第一週
133位,氣功士,牛奶妹妹,01:17.80,2019.10.18 00:09:59,2019.10.22,第一週
133位,槍擊士,願聖光照死妳,01:28.60,2019.10.18 16:42:47,2019.10.22,第一週
133位,力士,?月野兔?,01:39.20,2019.10.20 09:14:59,2019.10.22,第一週
133位,弓箭手,阿蕾克西雅?米德嘉爾,01:59.20,2019.10.19 14:08:13,2019.10.22,第一週
133位,刺客,邈無聲息,02:00.0,2019.10.21 08:25:18,2019.10.22,第一週
133位,乾坤士,BayJ,02:49.10,2019.10.16 21:28:44,2019.10.22,第一週
134位,劍士,Crazy時尚,00:42.60,2019.10.16 12:15:51,2019.10.22,第一週
134位,召喚師,筑箴?,01:04.20,2019.10.18 19:56:01,2019.10.22,第一週
134位,拳士,Andy77,01:07.10,2019.10.17 00:19:51,2019.10.22,第一週
134位,咒術師,柳夢云,01:12.50,2019.10.18 14:39:25,2019.10.22,第一週
134位,鬥士,姜鷲點,01:12.80,2019.10.16 21:56:33,2019.10.22,第一週
134位,燐劍士,熙夜,01:16.40,2019.10.18 01:25:31,2019.10.22,第一週
134位,氣功士,扣扣闖,01:18.30,2019.10.18 01:48:59,2019.10.22,第一週
134位,槍擊士,呼露璐,01:29.50,2019.10.20 10:05:02,2019.10.22,第一週
134位,力士,古墨靈,01:41.10,2019.10.17 19:44:19,2019.10.22,第一週
134位,弓箭手,回音小熊貓,01:59.40,2019.10.17 12:48:03,2019.10.22,第一週
134位,刺客,透芎儀,02:01.60,2019.10.18 22:28:02,2019.10.22,第一週
134位,乾坤士,乾酷,02:49.50,2019.10.16 14:49:15,2019.10.22,第一週
135位,劍士,夜晨熙,00:42.60,2019.10.19 17:32:46,2019.10.22,第一週
135位,召喚師,燁武,01:04.20,2019.10.20 15:21:14,2019.10.22,第一週
135位,拳士,香酥花豬丸,01:07.90,2019.10.16 23:17:48,2019.10.22,第一週
135位,咒術師,樂祅燹燚,01:12.60,2019.10.21 18:44:39,2019.10.22,第一週
135位,鬥士,司幽o,01:12.80,2019.10.17 23:38:15,2019.10.22,第一週
135位,燐劍士,水系燐劍,01:17.0,2019.10.16 22:25:25,2019.10.22,第一週
135位,氣功士,燉飯?羋,01:18.30,2019.10.19 00:16:46,2019.10.22,第一週
135位,槍擊士,連續狙擊,01:30.10,2019.10.19 22:38:51,2019.10.22,第一週
135位,力士,Elswo小刀,01:41.20,2019.10.20 17:29:24,2019.10.22,第一週
135位,弓箭手,羅李,02:00.0,2019.10.19 15:00:09,2019.10.22,第一週
135位,刺客,AnGeLsHn痕,02:03.90,2019.10.16 20:25:13,2019.10.22,第一週
135位,乾坤士,陸霓霜,02:49.70,2019.10.21 20:58:54,2019.10.22,第一週
